<?xml version="1.0" encoding="UTF-8" standalone="yes"?>
<practiceWorkList>
    <practiceWork>
        <id>cb8253f3-1bc2-42d1-a178-4e578989be9c</id>
        <title>sdfghjkl fghb gh gg j h 


sfgdfgdf
gf</title>
        <description>f gsfg sf gsdfg gква&quot;</description>
        <student>31a5abb2-d613-495a-baa2-cd09e3fec797</student>
        <manager>518e365e-18f3-4989-a80a-ed99a38f6b08</manager>
        <consultant>766dca55-96a5-43e1-aeb2-f9e7dbe6b71e</consultant>
        <company>kbt fg sf sgsfg</company>
    </practiceWork>
</practiceWorkList>
