<?xml version="1.0" encoding="UTF-8" standalone="yes"?>
<ouList>
    <ou>
        <id>20444e40-6314-4ce9-861d-7c970a72eaac</id>
        <name>52170*</name>
        <type>STREAM</type>
    </ou>
    <ou>
        <id>d5fd0dce-ca76-4038-9e23-0a84e490cb07</id>
        <name>521701</name>
        <type>GROUP</type>
        <parentOuId>20444e40-6314-4ce9-861d-7c970a72eaac</parentOuId>
    </ou>
    <ou>
        <id>66a87053-abae-4ab0-b06e-62cac33c1d8d</id>
        <name>521702</name>
        <type>GROUP</type>
        <parentOuId>20444e40-6314-4ce9-861d-7c970a72eaac</parentOuId>
    </ou>
    <ou>
        <id>420991bc-a7c2-47d4-98b9-6fbb9e0e2b67</id>
        <name>521703</name>
        <type>GROUP</type>
        <parentOuId>20444e40-6314-4ce9-861d-7c970a72eaac</parentOuId>
    </ou>
    <ou>
        <id>46497db3-daf1-45ab-bdd1-169181e854e0</id>
        <name>521701/1</name>
        <type>SUBGROUP</type>
        <parentOuId>d5fd0dce-ca76-4038-9e23-0a84e490cb07</parentOuId>
    </ou>
    <ou>
        <id>04c79a9e-7f32-43e1-9f66-74845f821a68</id>
        <name>621701</name>
        <type>GROUP</type>
        <parentOuId>1080e51b-1e87-4ebb-a6da-00efb123e3de</parentOuId>
    </ou>
    <ou>
        <id>2e8fe3f0-be62-47b1-9ec2-1c4ef9fb867a</id>
        <name>521701/2</name>
        <type>SUBGROUP</type>
        <parentOuId>d5fd0dce-ca76-4038-9e23-0a84e490cb07</parentOuId>
    </ou>
    <ou>
        <id>342e5401-094d-44bc-93fb-cdcf5f479434</id>
        <name>92170*</name>
        <type>STREAM</type>
        <parentOuId>1080e51b-1e87-4ebb-a6da-00efb123e3de</parentOuId>
        <entranceYear>2007</entranceYear>
        <specialization>гис</specialization>
        <specializationCode>1 40 03 01 01</specializationCode>
    </ou>
    <ou>
        <id>7990827c-ab52-4085-b8ab-a100d865763e</id>
        <name>72170*</name>
        <type>STREAM</type>
    </ou>
    <ou>
        <id>a9283c23-626a-4250-8bc5-bf903ec1813b</id>
        <name>721701</name>
        <type>GROUP</type>
        <parentOuId>7990827c-ab52-4085-b8ab-a100d865763e</parentOuId>
    </ou>
    <ou>
        <id>2a1673a3-1048-497b-98c8-a0638a83b49e</id>
        <name>721702</name>
        <type>GROUP</type>
        <parentOuId>7990827c-ab52-4085-b8ab-a100d865763e</parentOuId>
    </ou>
    <ou>
        <id>cbf7b39f-b583-4476-aa7b-35a199de11be</id>
        <name>721703</name>
        <type>GROUP</type>
        <parentOuId>7990827c-ab52-4085-b8ab-a100d865763e</parentOuId>
    </ou>
    <ou>
        <id>512cf93d-9b04-4571-acde-528a29bcf47b</id>
        <name>ДО</name>
        <type>GROUP</type>
        <parentOuId>7990827c-ab52-4085-b8ab-a100d865763e</parentOuId>
    </ou>
</ouList>
