<?xml version="1.0" encoding="UTF-8" standalone="yes"?>
<gek>
    <id>a4bf5603-6060-4fb5-9b84-65f5104195a1</id>
    <presideId>687ce934-12d9-4d81-b725-90bb3ef4a88d</presideId>
    <commissionerSecrId>fd472646-6763-422a-9b36-27bc54b70b01</commissionerSecrId>
    <commissioner0Id>44a13a20-2b11-4743-bfd2-36c097a23449</commissioner0Id>
    <commissioner1Id>6fc88f09-1e29-4215-b869-8c17d2fe2360</commissioner1Id>
    <commissioner2Id>e54da3c3-546b-4162-80ed-2bbd056be0e0</commissioner2Id>
    <commissioner3Id>aeefc822-d73f-4456-80ab-8efc43e0b4ce</commissioner3Id>
    <commissioner4Id>f5181fc8-5b98-4c9d-b30c-da180980ce1b</commissioner4Id>
    <commissioner5Id>58fbf4dd-3fb0-4e99-97c1-33186b80a3fd</commissioner5Id>
    <commissioner6Id>f55fe7d8-1df2-428a-9aac-a295e36c5dec</commissioner6Id>
    <gekDay>
        <id>9425a473-b7f4-4450-9d1e-70f628b6b5e8</id>
        <date>2012-06-18T00:00:00+03:00</date>
        <startTime>09:00</startTime>
        <endTime>15:00</endTime>
        <timeForStudent>27</timeForStudent>
        <studentsCount>13</studentsCount>
    </gekDay>
    <gekDay>
        <id>b23164cb-7058-494f-9852-a5b7bc156dfc</id>
        <date>2012-06-19T00:00:00+03:00</date>
        <startTime>09:00</startTime>
        <endTime>15:00</endTime>
        <timeForStudent>27</timeForStudent>
        <studentsCount>13</studentsCount>
    </gekDay>
    <gekDay>
        <id>23b24cf7-8ffa-458f-830d-452f40b94252</id>
        <date>2012-06-20T00:00:00+03:00</date>
        <startTime>09:00</startTime>
        <endTime>15:00</endTime>
        <timeForStudent>27</timeForStudent>
        <studentsCount>13</studentsCount>
    </gekDay>
    <gekDay>
        <id>14908424-62b4-418b-a88c-39325d34eb77</id>
        <date>2012-06-21T00:00:00+03:00</date>
        <startTime>09:00</startTime>
        <endTime>15:00</endTime>
        <timeForStudent>27</timeForStudent>
        <studentsCount>13</studentsCount>
    </gekDay>
    <gekDay>
        <id>cb910ce5-b3f2-4744-ad33-3e53ce943c41</id>
        <date>2012-06-22T00:00:00+03:00</date>
        <startTime>09:00</startTime>
        <endTime>15:00</endTime>
        <timeForStudent>27</timeForStudent>
        <studentsCount>13</studentsCount>
    </gekDay>
    <gekDay>
        <id>1d642bfa-ef7e-484a-ab56-de5cfaa0665e</id>
        <date>2012-06-25T00:00:00+03:00</date>
        <startTime>09:00</startTime>
        <endTime>11:00</endTime>
        <timeForStudent>30</timeForStudent>
        <studentsCount>4</studentsCount>
    </gekDay>
</gek>
