<?xml version="1.0" encoding="UTF-8" standalone="yes"?>
<graduateWorkList>
    <graduateWork>
        <id>7719b566-e623-4348-a2ee-bdcade6c2e1c</id>
        <title>Пользовательский интер-фейс системы обмена сообщениями по протоколу OSCAR для мобильных устройств</title>
        <number>1</number>
        <student>6e978a80-d5bc-414c-a6bd-fac52d5d64df</student>
        <manager>cf6fa0cf-3f6d-4885-85d6-43d8b04efa3d</manager>
        <specialityConsultant>b3df261c-71b9-4116-abb3-36b295d27b61</specialityConsultant>
        <economicsConsultant>43d5b294-9ed0-4dc9-a585-ed3b48d9b698</economicsConsultant>
        <protectionOfLaborConsultant>d0581247-020e-4ba8-aa95-61e1edc17383</protectionOfLaborConsultant>
        <normalInspectionConsultant>fd472646-6763-422a-9b36-27bc54b70b01</normalInspectionConsultant>
        <reviewer>050e1caf-00e0-4591-ba53-ffaa86afee5f</reviewer>
    </graduateWork>
    <graduateWork>
        <id>5d64b84c-00c6-46f2-a710-66b2d12cb9de</id>
        <title>Модуль удаленного доступа к командной строке операционных систем семейства Linux</title>
        <student>709d900f-5a92-471a-a7b5-2c2fbbf8f429</student>
        <manager>423865d3-7bff-44d2-9038-6d533a684f93</manager>
        <specialityConsultant>b3df261c-71b9-4116-abb3-36b295d27b61</specialityConsultant>
        <economicsConsultant>78b9cb9d-a27e-454e-a867-47687139fe0a</economicsConsultant>
        <protectionOfLaborConsultant>d0581247-020e-4ba8-aa95-61e1edc17383</protectionOfLaborConsultant>
        <normalInspectionConsultant>fd472646-6763-422a-9b36-27bc54b70b01</normalInspectionConsultant>
        <reviewer>969628ea-344f-4fa5-9bcf-472ee390041d</reviewer>
    </graduateWork>
    <graduateWork>
        <id>2bb3f19e-fec1-4ed6-8e74-87dd3e5d397b</id>
        <title>Программная система управления заказами на торговом предприятии</title>
        <student>0880f90a-8b9f-414b-a26a-04e4de953404</student>
        <manager>e2a93565-9206-4573-bd47-3dfd8b1f1a52</manager>
        <specialityConsultant>fd472646-6763-422a-9b36-27bc54b70b01</specialityConsultant>
        <economicsConsultant>78b9cb9d-a27e-454e-a867-47687139fe0a</economicsConsultant>
        <protectionOfLaborConsultant>d0581247-020e-4ba8-aa95-61e1edc17383</protectionOfLaborConsultant>
        <normalInspectionConsultant>fd472646-6763-422a-9b36-27bc54b70b01</normalInspectionConsultant>
        <reviewer>f55fe7d8-1df2-428a-9aac-a295e36c5dec</reviewer>
    </graduateWork>
    <graduateWork>
        <id>6ee2aa2e-2910-4158-ab29-af79776debbc</id>
        <title>Программный модуль доступа к данным системы управления взаимоотношениями с клиентами</title>
        <student>4c9ba1bf-f3e9-46ba-a5a8-246de671577b</student>
        <manager>aadfcd59-7bdd-41a6-b142-0a55ed2091a2</manager>
        <specialityConsultant>fd472646-6763-422a-9b36-27bc54b70b01</specialityConsultant>
        <economicsConsultant>78b9cb9d-a27e-454e-a867-47687139fe0a</economicsConsultant>
        <protectionOfLaborConsultant>d0581247-020e-4ba8-aa95-61e1edc17383</protectionOfLaborConsultant>
        <normalInspectionConsultant>fd472646-6763-422a-9b36-27bc54b70b01</normalInspectionConsultant>
        <reviewer>f55fe7d8-1df2-428a-9aac-a295e36c5dec</reviewer>
    </graduateWork>
    <graduateWork>
        <id>b89cb21d-cca0-4d0a-8985-34e12b84e089</id>
        <title>Программная система шифрования данных на носителях</title>
        <student>c39d7b06-b7a4-4145-94f2-ce6939493857</student>
        <manager>b9aeb656-2c36-490b-9cdd-5b2ca2b656f2</manager>
        <specialityConsultant>b3df261c-71b9-4116-abb3-36b295d27b61</specialityConsultant>
        <economicsConsultant>43d5b294-9ed0-4dc9-a585-ed3b48d9b698</economicsConsultant>
        <protectionOfLaborConsultant>d0581247-020e-4ba8-aa95-61e1edc17383</protectionOfLaborConsultant>
        <normalInspectionConsultant>fd472646-6763-422a-9b36-27bc54b70b01</normalInspectionConsultant>
        <reviewer>264a3439-f0e3-4203-a4b8-3909b4d04120</reviewer>
    </graduateWork>
    <graduateWork>
        <id>19500408-452e-40a6-9fe4-58018716fba7</id>
        <title>Система визуализации глобальной экологической обстановки для мобильных устройств</title>
        <student>78a0d03f-2b32-4ccb-8b80-2791188d788e</student>
        <manager>f9afbe8a-5d3a-4c7d-a9dc-74a7ab89542d</manager>
        <specialityConsultant>b3df261c-71b9-4116-abb3-36b295d27b61</specialityConsultant>
        <economicsConsultant>78b9cb9d-a27e-454e-a867-47687139fe0a</economicsConsultant>
        <protectionOfLaborConsultant>d0581247-020e-4ba8-aa95-61e1edc17383</protectionOfLaborConsultant>
        <normalInspectionConsultant>fd472646-6763-422a-9b36-27bc54b70b01</normalInspectionConsultant>
        <reviewer>cce4f0e3-fabf-46e9-8056-58edd60b578f</reviewer>
    </graduateWork>
    <graduateWork>
        <id>9eb4a565-6b6e-4b02-bc5a-f94772bc3148</id>
        <title>Программный комплекс учета автоматизированных рабочих мест системы управления персоналом предприятия  «Беларуськалий»</title>
        <student>8b91708d-e2d3-487a-bce8-dd1b19e39081</student>
        <manager>ad8e7e35-0163-4db2-932b-172380a8002d</manager>
        <specialityConsultant>b3df261c-71b9-4116-abb3-36b295d27b61</specialityConsultant>
        <economicsConsultant>43d5b294-9ed0-4dc9-a585-ed3b48d9b698</economicsConsultant>
        <protectionOfLaborConsultant>d0581247-020e-4ba8-aa95-61e1edc17383</protectionOfLaborConsultant>
        <normalInspectionConsultant>fd472646-6763-422a-9b36-27bc54b70b01</normalInspectionConsultant>
        <reviewer>f55fe7d8-1df2-428a-9aac-a295e36c5dec</reviewer>
    </graduateWork>
    <graduateWork>
        <id>9068f0a5-d21b-485f-8280-f82a0e0d347e</id>
        <title>Система документооборота для службы «Одно окно» исполнительного комитета</title>
        <student>7cf4ab2f-8532-4b3e-9624-697c46ffa06c</student>
        <manager>ee18242d-96fb-46e1-8066-6fbc7efd59eb</manager>
        <specialityConsultant>f5181fc8-5b98-4c9d-b30c-da180980ce1b</specialityConsultant>
        <economicsConsultant>78b9cb9d-a27e-454e-a867-47687139fe0a</economicsConsultant>
        <protectionOfLaborConsultant>d0581247-020e-4ba8-aa95-61e1edc17383</protectionOfLaborConsultant>
        <normalInspectionConsultant>fd472646-6763-422a-9b36-27bc54b70b01</normalInspectionConsultant>
        <reviewer>168b25d3-10aa-49ed-a7d5-20f446ac65ea</reviewer>
    </graduateWork>
    <graduateWork>
        <id>191c963f-2518-49ed-aa30-c5af8473d2f6</id>
        <title>Система проецирования SCn-текстов на сетевую СУБД</title>
        <student>c5e96870-b6a3-424c-ba56-8a1c2dc2fe31</student>
        <manager>b3df261c-71b9-4116-abb3-36b295d27b61</manager>
        <specialityConsultant>b3df261c-71b9-4116-abb3-36b295d27b61</specialityConsultant>
        <economicsConsultant>43d5b294-9ed0-4dc9-a585-ed3b48d9b698</economicsConsultant>
        <protectionOfLaborConsultant>d0581247-020e-4ba8-aa95-61e1edc17383</protectionOfLaborConsultant>
        <normalInspectionConsultant>fd472646-6763-422a-9b36-27bc54b70b01</normalInspectionConsultant>
        <reviewer>37d923bc-66f4-446d-9614-68d22f2766ca</reviewer>
    </graduateWork>
    <graduateWork>
        <id>f22fea10-2bc8-4faf-b8ed-848eb8f616c3</id>
        <title>Система автоматизации риэлтерского агентства</title>
        <student>a2d19cee-cfec-47e2-8c1f-c3b3128ec389</student>
        <manager>6ed5dca3-6c0e-49ec-89cc-4c1575fe1cd7</manager>
        <specialityConsultant>b3df261c-71b9-4116-abb3-36b295d27b61</specialityConsultant>
        <protectionOfLaborConsultant>d0581247-020e-4ba8-aa95-61e1edc17383</protectionOfLaborConsultant>
        <normalInspectionConsultant>fd472646-6763-422a-9b36-27bc54b70b01</normalInspectionConsultant>
        <reviewer>f55fe7d8-1df2-428a-9aac-a295e36c5dec</reviewer>
    </graduateWork>
    <graduateWork>
        <id>9ea75493-c4d0-4cf3-b5fe-fb51a7191881</id>
        <title>Система анализа действий пользователя при взаимодействии с интернет-ресурсом</title>
        <student>98667b5b-7b3f-4a15-9310-f00fc6f161dc</student>
        <manager>3b51a0f9-c87b-495c-8cf3-fa4e780a480e</manager>
        <specialityConsultant>b3df261c-71b9-4116-abb3-36b295d27b61</specialityConsultant>
        <economicsConsultant>78b9cb9d-a27e-454e-a867-47687139fe0a</economicsConsultant>
        <protectionOfLaborConsultant>d0581247-020e-4ba8-aa95-61e1edc17383</protectionOfLaborConsultant>
        <normalInspectionConsultant>fd472646-6763-422a-9b36-27bc54b70b01</normalInspectionConsultant>
        <reviewer>2e13afa4-454f-43f6-986a-3c837d860d81</reviewer>
    </graduateWork>
    <graduateWork>
        <id>ef599b99-b47f-4466-986b-db0cc1f039f1</id>
        <title>Модуль расчета оценки справедливой стоимости требований и обязательств валютно-обменных сделок Форвард для SAP системы управления банком</title>
        <student>78897d8a-bb43-4782-a7af-ab760dfbc7f5</student>
        <manager>e9d276c7-57eb-42c0-84a2-cfab256ea4f3</manager>
        <specialityConsultant>b3df261c-71b9-4116-abb3-36b295d27b61</specialityConsultant>
        <economicsConsultant>43d5b294-9ed0-4dc9-a585-ed3b48d9b698</economicsConsultant>
        <protectionOfLaborConsultant>d0581247-020e-4ba8-aa95-61e1edc17383</protectionOfLaborConsultant>
        <normalInspectionConsultant>fd472646-6763-422a-9b36-27bc54b70b01</normalInspectionConsultant>
        <reviewer>8130ce2a-9d0e-485f-be16-fce7314bb11d</reviewer>
    </graduateWork>
    <graduateWork>
        <id>e1f25943-7234-4bc1-9ced-256958c443a4</id>
        <title>Сервис –ориентированная система управления мультимедийными данными для социальных сетей</title>
        <student>e60a8e3d-d8af-4ff4-934b-aa09b0fc4c9e</student>
        <manager>b947e3e3-daad-4fb8-9121-a49e14110c00</manager>
        <specialityConsultant>b3df261c-71b9-4116-abb3-36b295d27b61</specialityConsultant>
        <economicsConsultant>78b9cb9d-a27e-454e-a867-47687139fe0a</economicsConsultant>
        <protectionOfLaborConsultant>d0581247-020e-4ba8-aa95-61e1edc17383</protectionOfLaborConsultant>
        <normalInspectionConsultant>fd472646-6763-422a-9b36-27bc54b70b01</normalInspectionConsultant>
        <reviewer>d3c7af1e-ba3e-4566-9670-425ffc0ca8d7</reviewer>
    </graduateWork>
    <graduateWork>
        <id>17d003cc-7fc9-469f-94c2-5ee44495472f</id>
        <title>Программный модуль автоматизации финансовых процессов туристических организаций</title>
        <student>6f21d948-e7f1-412c-82f2-3852c10ced7e</student>
        <manager>305d70ce-917b-4da7-85dd-dd852fb56699</manager>
        <specialityConsultant>b3df261c-71b9-4116-abb3-36b295d27b61</specialityConsultant>
        <economicsConsultant>78b9cb9d-a27e-454e-a867-47687139fe0a</economicsConsultant>
        <protectionOfLaborConsultant>d0581247-020e-4ba8-aa95-61e1edc17383</protectionOfLaborConsultant>
        <normalInspectionConsultant>fd472646-6763-422a-9b36-27bc54b70b01</normalInspectionConsultant>
        <reviewer>264a3439-f0e3-4203-a4b8-3909b4d04120</reviewer>
    </graduateWork>
    <graduateWork>
        <id>a750bb62-4355-4b33-a169-1bf52424e4d9</id>
        <title>Семантическая модель различных стратегий интеллектуального решения задач</title>
        <student>b3b44183-40be-43ab-a08f-0f334ae3e04e</student>
        <manager>44a13a20-2b11-4743-bfd2-36c097a23449</manager>
        <economicsConsultant>43d5b294-9ed0-4dc9-a585-ed3b48d9b698</economicsConsultant>
        <protectionOfLaborConsultant>d0581247-020e-4ba8-aa95-61e1edc17383</protectionOfLaborConsultant>
        <normalInspectionConsultant>fd472646-6763-422a-9b36-27bc54b70b01</normalInspectionConsultant>
        <reviewer>37d923bc-66f4-446d-9614-68d22f2766ca</reviewer>
    </graduateWork>
    <graduateWork>
        <id>bec90d25-fac8-4770-9918-b5a72d8b4861</id>
        <title>Система поддержки планирования мероприятий и контроля их выполнения</title>
        <student>67fd8e9c-9d1a-4796-a0e8-6dbf7c0f8a43</student>
        <manager>6079a6a3-76db-4f73-a391-fb3c75d70f55</manager>
        <specialityConsultant>f5181fc8-5b98-4c9d-b30c-da180980ce1b</specialityConsultant>
        <protectionOfLaborConsultant>d0581247-020e-4ba8-aa95-61e1edc17383</protectionOfLaborConsultant>
        <normalInspectionConsultant>fd472646-6763-422a-9b36-27bc54b70b01</normalInspectionConsultant>
        <reviewer>f55fe7d8-1df2-428a-9aac-a295e36c5dec</reviewer>
    </graduateWork>
    <graduateWork>
        <id>ea424134-8a51-4d54-bb2b-0f7d6737f765</id>
        <title>Система хранения данных о компьютерных комплектующих с динамически изменяемой структурой базы данных</title>
        <student>bc048472-39e7-4d35-a3f3-a70d7a55b9e8</student>
        <manager>097628cf-c5f5-4f67-8e05-c7df2401ec5b</manager>
        <specialityConsultant>f5181fc8-5b98-4c9d-b30c-da180980ce1b</specialityConsultant>
        <economicsConsultant>78b9cb9d-a27e-454e-a867-47687139fe0a</economicsConsultant>
        <protectionOfLaborConsultant>d0581247-020e-4ba8-aa95-61e1edc17383</protectionOfLaborConsultant>
        <normalInspectionConsultant>fd472646-6763-422a-9b36-27bc54b70b01</normalInspectionConsultant>
        <reviewer>2e13afa4-454f-43f6-986a-3c837d860d81</reviewer>
    </graduateWork>
    <graduateWork>
        <id>3a7d4fe2-5c12-410d-91c1-8795b0e5b33b</id>
        <title>Облачная платформа для разработки приложений для социальных сервисов</title>
        <student>c01adee1-5fe3-4216-b8a9-f09f25dd2acd</student>
        <manager>df5abbae-400c-45a0-8c13-291d0aef886b</manager>
        <specialityConsultant>b3df261c-71b9-4116-abb3-36b295d27b61</specialityConsultant>
        <economicsConsultant>78b9cb9d-a27e-454e-a867-47687139fe0a</economicsConsultant>
        <protectionOfLaborConsultant>d0581247-020e-4ba8-aa95-61e1edc17383</protectionOfLaborConsultant>
        <normalInspectionConsultant>fd472646-6763-422a-9b36-27bc54b70b01</normalInspectionConsultant>
        <reviewer>cce4f0e3-fabf-46e9-8056-58edd60b578f</reviewer>
    </graduateWork>
    <graduateWork>
        <id>02a5fe24-9f21-411e-b6be-9d473818ddfa</id>
        <title>Подсистема поиска и хранения информации системы организаций государственной регистрации недвижимого имущества</title>
        <student>6d5f0201-df30-4105-8693-679e0ed5c2f5</student>
        <manager>26bcfefb-a5f2-49e1-94a5-5be92f63915a</manager>
        <specialityConsultant>b3df261c-71b9-4116-abb3-36b295d27b61</specialityConsultant>
        <economicsConsultant>78b9cb9d-a27e-454e-a867-47687139fe0a</economicsConsultant>
        <protectionOfLaborConsultant>d0581247-020e-4ba8-aa95-61e1edc17383</protectionOfLaborConsultant>
        <normalInspectionConsultant>fd472646-6763-422a-9b36-27bc54b70b01</normalInspectionConsultant>
        <reviewer>2e13afa4-454f-43f6-986a-3c837d860d81</reviewer>
    </graduateWork>
    <graduateWork>
        <id>6fb17ca7-8f80-45c5-a6f3-ea826c7ab6d2</id>
        <title>Поисковый сервис объектов недвижимости для мобильной платформы</title>
        <student>8bf182ab-47b5-462c-b805-b5f051d0dee0</student>
        <manager>35e647cc-bdc0-4692-bba3-13db0fbcf339</manager>
        <economicsConsultant>43d5b294-9ed0-4dc9-a585-ed3b48d9b698</economicsConsultant>
        <protectionOfLaborConsultant>d0581247-020e-4ba8-aa95-61e1edc17383</protectionOfLaborConsultant>
        <normalInspectionConsultant>fd472646-6763-422a-9b36-27bc54b70b01</normalInspectionConsultant>
        <reviewer>969628ea-344f-4fa5-9bcf-472ee390041d</reviewer>
    </graduateWork>
    <graduateWork>
        <id>5df97ebf-ab81-4058-a5dd-4a3eedb147b5</id>
        <title>Система для функционального тестирования web-приложений</title>
        <student>5c24e23b-978f-453e-ad9d-a012ebe639e2</student>
        <manager>ceb05d66-0305-4f2c-b801-f1720a4f019b</manager>
        <specialityConsultant>b3df261c-71b9-4116-abb3-36b295d27b61</specialityConsultant>
        <protectionOfLaborConsultant>d0581247-020e-4ba8-aa95-61e1edc17383</protectionOfLaborConsultant>
        <normalInspectionConsultant>fd472646-6763-422a-9b36-27bc54b70b01</normalInspectionConsultant>
        <reviewer>969628ea-344f-4fa5-9bcf-472ee390041d</reviewer>
    </graduateWork>
    <graduateWork>
        <id>dd95c988-bb0f-4d7a-8bd7-716a97d48af6</id>
        <title>Система аккредитации клиентов для участия в биржевых торгах</title>
        <student>6af2439b-a82c-4a3e-aa7f-76d3fd7a8996</student>
        <manager>66d43945-7857-451a-9651-2df1f8593916</manager>
        <economicsConsultant>78b9cb9d-a27e-454e-a867-47687139fe0a</economicsConsultant>
        <protectionOfLaborConsultant>d0581247-020e-4ba8-aa95-61e1edc17383</protectionOfLaborConsultant>
        <normalInspectionConsultant>fd472646-6763-422a-9b36-27bc54b70b01</normalInspectionConsultant>
        <reviewer>f55fe7d8-1df2-428a-9aac-a295e36c5dec</reviewer>
    </graduateWork>
    <graduateWork>
        <id>6459e65f-c11c-454f-a5ae-348c7d44b70e</id>
        <title>Пользовательский интерфейс системы государственной регистрации земельных участков</title>
        <student>c7ee881b-58f8-4fac-97bc-ab4df53ab6ef</student>
        <manager>61f786e3-5177-4e9f-953e-1419ba4c6a4d</manager>
        <specialityConsultant>b3df261c-71b9-4116-abb3-36b295d27b61</specialityConsultant>
        <economicsConsultant>43d5b294-9ed0-4dc9-a585-ed3b48d9b698</economicsConsultant>
        <protectionOfLaborConsultant>d0581247-020e-4ba8-aa95-61e1edc17383</protectionOfLaborConsultant>
        <normalInspectionConsultant>fd472646-6763-422a-9b36-27bc54b70b01</normalInspectionConsultant>
        <reviewer>050e1caf-00e0-4591-ba53-ffaa86afee5f</reviewer>
    </graduateWork>
    <graduateWork>
        <id>c6e006f1-adea-441e-9742-9914501e1c8d</id>
        <title>Система кеширования для платформы JVM без уменьшения производительности на больших объемах памяти</title>
        <student>7bc78a5b-a739-4534-8aeb-d0c1eb2756fc</student>
        <manager>53d6d176-ba99-4bc7-b050-7acfaac0e553</manager>
        <specialityConsultant>b3df261c-71b9-4116-abb3-36b295d27b61</specialityConsultant>
        <economicsConsultant>43d5b294-9ed0-4dc9-a585-ed3b48d9b698</economicsConsultant>
        <protectionOfLaborConsultant>d0581247-020e-4ba8-aa95-61e1edc17383</protectionOfLaborConsultant>
        <normalInspectionConsultant>fd472646-6763-422a-9b36-27bc54b70b01</normalInspectionConsultant>
        <reviewer>969628ea-344f-4fa5-9bcf-472ee390041d</reviewer>
    </graduateWork>
    <graduateWork>
        <id>c61e8af3-04aa-4d40-becd-d4af82ba3226</id>
        <title>Программный модуль расчета  показателей  комбайновых бригад  системы управления персоналом  предприятия  «Беларуськалий»</title>
        <student>973b2074-7d42-4276-8094-1b3adb2edd2e</student>
        <manager>4bc61511-056e-4c9e-bd6c-3df83ec8b093</manager>
        <specialityConsultant>b3df261c-71b9-4116-abb3-36b295d27b61</specialityConsultant>
        <economicsConsultant>43d5b294-9ed0-4dc9-a585-ed3b48d9b698</economicsConsultant>
        <protectionOfLaborConsultant>d0581247-020e-4ba8-aa95-61e1edc17383</protectionOfLaborConsultant>
        <normalInspectionConsultant>fd472646-6763-422a-9b36-27bc54b70b01</normalInspectionConsultant>
        <reviewer>168b25d3-10aa-49ed-a7d5-20f446ac65ea</reviewer>
    </graduateWork>
    <graduateWork>
        <id>6202e714-6ffb-49ee-8ace-2fd93cffcaaa</id>
        <title>Система автоматизации расчета бюджета малого предприятия</title>
        <student>4308b7c6-501d-4e07-a6c2-e95fe319cdb6</student>
        <manager>3ff1bdd2-cc3f-46ce-8b9a-fe4f6702fd6b</manager>
        <specialityConsultant>b3df261c-71b9-4116-abb3-36b295d27b61</specialityConsultant>
        <economicsConsultant>78b9cb9d-a27e-454e-a867-47687139fe0a</economicsConsultant>
        <protectionOfLaborConsultant>d0581247-020e-4ba8-aa95-61e1edc17383</protectionOfLaborConsultant>
        <normalInspectionConsultant>fd472646-6763-422a-9b36-27bc54b70b01</normalInspectionConsultant>
        <reviewer>168b25d3-10aa-49ed-a7d5-20f446ac65ea</reviewer>
    </graduateWork>
    <graduateWork>
        <id>7b467759-75f1-4974-9c3f-d3bbd5583021</id>
        <title>Программный комплекс за-каза билетов на основе гло-бальной дистрибьютерской системы</title>
        <student>0210ae4a-d671-4893-834c-59513c43966a</student>
        <manager>d5620ef6-eb6c-470b-ac75-23d5d35722ac</manager>
        <specialityConsultant>fd472646-6763-422a-9b36-27bc54b70b01</specialityConsultant>
        <economicsConsultant>78b9cb9d-a27e-454e-a867-47687139fe0a</economicsConsultant>
        <protectionOfLaborConsultant>d0581247-020e-4ba8-aa95-61e1edc17383</protectionOfLaborConsultant>
        <normalInspectionConsultant>fd472646-6763-422a-9b36-27bc54b70b01</normalInspectionConsultant>
        <reviewer>870c2861-30bb-414c-899a-6987f98d7ea7</reviewer>
    </graduateWork>
    <graduateWork>
        <id>274bec81-5852-45a2-a1cd-06e44c0f9968</id>
        <title>Подсистема визуализации картографической инфор-мации для интеллектуаль-ной справочной системы</title>
        <student>b4b89cbc-6152-4218-a42f-bffccc82c3c4</student>
        <manager>fd472646-6763-422a-9b36-27bc54b70b01</manager>
        <specialityConsultant>fd472646-6763-422a-9b36-27bc54b70b01</specialityConsultant>
        <economicsConsultant>78b9cb9d-a27e-454e-a867-47687139fe0a</economicsConsultant>
        <protectionOfLaborConsultant>d0581247-020e-4ba8-aa95-61e1edc17383</protectionOfLaborConsultant>
        <normalInspectionConsultant>fd472646-6763-422a-9b36-27bc54b70b01</normalInspectionConsultant>
        <reviewer>cce4f0e3-fabf-46e9-8056-58edd60b578f</reviewer>
    </graduateWork>
    <graduateWork>
        <id>8d8ee822-6149-4217-9c94-a5af0d0cac3a</id>
        <title>Модуль управления поведением персонажа для экономической стратегии</title>
        <student>8d218797-116f-44f1-8cec-59c26adc9456</student>
        <manager>03bb4dd6-4fe6-4f7a-8d4d-3a5e0f42f1e7</manager>
        <specialityConsultant>f5181fc8-5b98-4c9d-b30c-da180980ce1b</specialityConsultant>
        <economicsConsultant>43d5b294-9ed0-4dc9-a585-ed3b48d9b698</economicsConsultant>
        <protectionOfLaborConsultant>d0581247-020e-4ba8-aa95-61e1edc17383</protectionOfLaborConsultant>
        <normalInspectionConsultant>fd472646-6763-422a-9b36-27bc54b70b01</normalInspectionConsultant>
        <reviewer>8130ce2a-9d0e-485f-be16-fce7314bb11d</reviewer>
    </graduateWork>
    <graduateWork>
        <id>a02d6fa6-e65d-4c62-bdb3-5c7db42fe1ea</id>
        <title>Система для автоматизации тестирования web-приложений, взаимодейст-вующих на основе  web-сервисов.</title>
        <student>90d51b1a-e999-4d99-96f9-67e607cb3a3b</student>
        <manager>28a4e20e-ffdd-4a46-b6e7-d6af2981926f</manager>
        <specialityConsultant>fd472646-6763-422a-9b36-27bc54b70b01</specialityConsultant>
        <economicsConsultant>78b9cb9d-a27e-454e-a867-47687139fe0a</economicsConsultant>
        <protectionOfLaborConsultant>d0581247-020e-4ba8-aa95-61e1edc17383</protectionOfLaborConsultant>
        <normalInspectionConsultant>fd472646-6763-422a-9b36-27bc54b70b01</normalInspectionConsultant>
        <reviewer>d3c7af1e-ba3e-4566-9670-425ffc0ca8d7</reviewer>
    </graduateWork>
    <graduateWork>
        <id>f6c04c93-dd9f-41a8-ad26-fee72bce0a14</id>
        <title>Система автоматизированного тестирования банковского программного  обеспечения</title>
        <student>da7a9d55-8067-48cd-ae0e-1661fa2bffb0</student>
        <manager>c7fa129c-80a9-4c45-a127-74c17d5ff394</manager>
        <specialityConsultant>b3df261c-71b9-4116-abb3-36b295d27b61</specialityConsultant>
        <protectionOfLaborConsultant>d0581247-020e-4ba8-aa95-61e1edc17383</protectionOfLaborConsultant>
        <normalInspectionConsultant>fd472646-6763-422a-9b36-27bc54b70b01</normalInspectionConsultant>
        <reviewer>8130ce2a-9d0e-485f-be16-fce7314bb11d</reviewer>
    </graduateWork>
    <graduateWork>
        <id>56da3f54-0214-4c18-85c0-8c7e6b288b93</id>
        <title>Компьютерная система подготовки к печати карто-графических материалов</title>
        <student>b5a56b80-3a36-4fa5-a5e7-4a2bea97dac9</student>
        <manager>a49a2990-4e93-43e3-8041-991b7e11f92a</manager>
        <specialityConsultant>b3df261c-71b9-4116-abb3-36b295d27b61</specialityConsultant>
        <economicsConsultant>43d5b294-9ed0-4dc9-a585-ed3b48d9b698</economicsConsultant>
        <protectionOfLaborConsultant>d0581247-020e-4ba8-aa95-61e1edc17383</protectionOfLaborConsultant>
        <normalInspectionConsultant>fd472646-6763-422a-9b36-27bc54b70b01</normalInspectionConsultant>
        <reviewer>cce4f0e3-fabf-46e9-8056-58edd60b578f</reviewer>
    </graduateWork>
    <graduateWork>
        <id>0bb6c78e-0cea-43b4-9e49-15e0b1293d56</id>
        <title>Система интерактивного моделирования химических реакций</title>
        <student>b6be7e23-4573-4647-abf4-3b9bb29804ce</student>
        <manager>f75a151e-fd7d-49fe-9387-f7772511420d</manager>
        <specialityConsultant>f5181fc8-5b98-4c9d-b30c-da180980ce1b</specialityConsultant>
        <economicsConsultant>43d5b294-9ed0-4dc9-a585-ed3b48d9b698</economicsConsultant>
        <protectionOfLaborConsultant>d0581247-020e-4ba8-aa95-61e1edc17383</protectionOfLaborConsultant>
        <normalInspectionConsultant>fd472646-6763-422a-9b36-27bc54b70b01</normalInspectionConsultant>
        <reviewer>050e1caf-00e0-4591-ba53-ffaa86afee5f</reviewer>
    </graduateWork>
    <graduateWork>
        <id>048c7402-a6d7-418d-9031-54a9160ef1ab</id>
        <title>Система учета задолжно-стей  по банковским счетам</title>
        <student>822b2764-e490-4aab-9264-1cdb7316fb89</student>
        <manager>36f741b6-ebab-4585-b2dc-dbd85adec3c1</manager>
        <specialityConsultant>b3df261c-71b9-4116-abb3-36b295d27b61</specialityConsultant>
        <economicsConsultant>78b9cb9d-a27e-454e-a867-47687139fe0a</economicsConsultant>
        <protectionOfLaborConsultant>d0581247-020e-4ba8-aa95-61e1edc17383</protectionOfLaborConsultant>
        <normalInspectionConsultant>fd472646-6763-422a-9b36-27bc54b70b01</normalInspectionConsultant>
        <reviewer>050e1caf-00e0-4591-ba53-ffaa86afee5f</reviewer>
    </graduateWork>
    <graduateWork>
        <id>07f97584-f401-47dc-9c31-c047edf079f3</id>
        <title>Система автоматизации  бизнес-процессов страховой компании</title>
        <student>8229496b-9119-41fe-944a-a324b70e379a</student>
        <manager>b9718cd0-a46c-48c3-b5fb-78b61a6c0eec</manager>
        <specialityConsultant>b3df261c-71b9-4116-abb3-36b295d27b61</specialityConsultant>
        <economicsConsultant>43d5b294-9ed0-4dc9-a585-ed3b48d9b698</economicsConsultant>
        <protectionOfLaborConsultant>d0581247-020e-4ba8-aa95-61e1edc17383</protectionOfLaborConsultant>
        <normalInspectionConsultant>fd472646-6763-422a-9b36-27bc54b70b01</normalInspectionConsultant>
        <reviewer>8130ce2a-9d0e-485f-be16-fce7314bb11d</reviewer>
    </graduateWork>
    <graduateWork>
        <id>c2f3fb9a-a181-4aeb-b18a-1d3cc470b9ae</id>
        <title>Система интерактивного  обучения чтению для мобильной платформы.</title>
        <student>6f9bfa1c-cba0-4fd2-864e-712adc321b72</student>
        <manager>f75a151e-fd7d-49fe-9387-f7772511420d</manager>
        <specialityConsultant>f5181fc8-5b98-4c9d-b30c-da180980ce1b</specialityConsultant>
        <protectionOfLaborConsultant>d0581247-020e-4ba8-aa95-61e1edc17383</protectionOfLaborConsultant>
        <normalInspectionConsultant>fd472646-6763-422a-9b36-27bc54b70b01</normalInspectionConsultant>
        <reviewer>870c2861-30bb-414c-899a-6987f98d7ea7</reviewer>
    </graduateWork>
    <graduateWork>
        <id>602ef3f6-25fe-4dfd-a1e0-8b828f561257</id>
        <title>Автоматизированная сис-тема проведения турниров по шашкам и шахматам</title>
        <student>6fc73953-1704-4985-a914-4bb021d4527e</student>
        <manager>b3df261c-71b9-4116-abb3-36b295d27b61</manager>
        <specialityConsultant>b3df261c-71b9-4116-abb3-36b295d27b61</specialityConsultant>
        <economicsConsultant>43d5b294-9ed0-4dc9-a585-ed3b48d9b698</economicsConsultant>
        <protectionOfLaborConsultant>d0581247-020e-4ba8-aa95-61e1edc17383</protectionOfLaborConsultant>
        <normalInspectionConsultant>fd472646-6763-422a-9b36-27bc54b70b01</normalInspectionConsultant>
        <reviewer>050e1caf-00e0-4591-ba53-ffaa86afee5f</reviewer>
    </graduateWork>
    <graduateWork>
        <id>f49aa48e-3e76-48bb-b2ca-7174e9c0525c</id>
        <title>Система интерактивного обучения для мобильной платформы</title>
        <student>dc8ebfc2-9b0b-4877-b33c-28ff7359bd94</student>
        <manager>f75a151e-fd7d-49fe-9387-f7772511420d</manager>
        <economicsConsultant>43d5b294-9ed0-4dc9-a585-ed3b48d9b698</economicsConsultant>
        <protectionOfLaborConsultant>d0581247-020e-4ba8-aa95-61e1edc17383</protectionOfLaborConsultant>
        <normalInspectionConsultant>fd472646-6763-422a-9b36-27bc54b70b01</normalInspectionConsultant>
        <reviewer>969628ea-344f-4fa5-9bcf-472ee390041d</reviewer>
    </graduateWork>
    <graduateWork>
        <id>bac5db78-c0cc-44ae-8c34-343dde9cb65d</id>
        <title>Система планирования до-ходов предприятия, разра-батывающего программное обеспечение</title>
        <student>2bcddf64-efd3-4e04-8a45-7fe8f4676f45</student>
        <manager>6d14b9d7-8e6d-4518-a11c-4f2599e69a7b</manager>
        <specialityConsultant>b3df261c-71b9-4116-abb3-36b295d27b61</specialityConsultant>
        <economicsConsultant>43d5b294-9ed0-4dc9-a585-ed3b48d9b698</economicsConsultant>
        <protectionOfLaborConsultant>d0581247-020e-4ba8-aa95-61e1edc17383</protectionOfLaborConsultant>
        <normalInspectionConsultant>fd472646-6763-422a-9b36-27bc54b70b01</normalInspectionConsultant>
        <reviewer>d3c7af1e-ba3e-4566-9670-425ffc0ca8d7</reviewer>
    </graduateWork>
    <graduateWork>
        <id>f5dd427d-5274-4855-95c8-fbb67b669e6e</id>
        <title>Система сбора и анализа данных о фриланс-проектах</title>
        <student>0ae59941-259a-4362-af12-ad3475d30f3c</student>
        <manager>fe3fb336-e849-4303-832b-56e6322106a6</manager>
        <specialityConsultant>fd472646-6763-422a-9b36-27bc54b70b01</specialityConsultant>
        <economicsConsultant>43d5b294-9ed0-4dc9-a585-ed3b48d9b698</economicsConsultant>
        <protectionOfLaborConsultant>d0581247-020e-4ba8-aa95-61e1edc17383</protectionOfLaborConsultant>
        <normalInspectionConsultant>fd472646-6763-422a-9b36-27bc54b70b01</normalInspectionConsultant>
        <reviewer>d3c7af1e-ba3e-4566-9670-425ffc0ca8d7</reviewer>
    </graduateWork>
    <graduateWork>
        <id>f3e45614-a1df-48c2-a5b9-1b0ca7906df4</id>
        <title>Система автоматизации хозяйственной деятельности студенческого общежития</title>
        <student>26bde6a3-20ce-4972-a2a1-325a2dab669c</student>
        <manager>b3df261c-71b9-4116-abb3-36b295d27b61</manager>
        <specialityConsultant>b3df261c-71b9-4116-abb3-36b295d27b61</specialityConsultant>
        <economicsConsultant>43d5b294-9ed0-4dc9-a585-ed3b48d9b698</economicsConsultant>
        <protectionOfLaborConsultant>d0581247-020e-4ba8-aa95-61e1edc17383</protectionOfLaborConsultant>
        <normalInspectionConsultant>fd472646-6763-422a-9b36-27bc54b70b01</normalInspectionConsultant>
        <reviewer>8130ce2a-9d0e-485f-be16-fce7314bb11d</reviewer>
    </graduateWork>
    <graduateWork>
        <id>d4b2e12c-b252-4b00-bd1b-791f31578f91</id>
        <title>Система анализа и обработки информации по интернет-площадкам.</title>
        <student>3f213f27-06e7-4cd1-b9c9-a4ca1383b9ef</student>
        <manager>8f218c6d-894e-4894-a483-065c796f235e</manager>
        <specialityConsultant>b3df261c-71b9-4116-abb3-36b295d27b61</specialityConsultant>
        <economicsConsultant>43d5b294-9ed0-4dc9-a585-ed3b48d9b698</economicsConsultant>
        <protectionOfLaborConsultant>d0581247-020e-4ba8-aa95-61e1edc17383</protectionOfLaborConsultant>
        <normalInspectionConsultant>fd472646-6763-422a-9b36-27bc54b70b01</normalInspectionConsultant>
        <reviewer>f55fe7d8-1df2-428a-9aac-a295e36c5dec</reviewer>
    </graduateWork>
    <graduateWork>
        <id>b74cf50f-7343-422b-aa1a-42a0b4458ac2</id>
        <title>Семантическая параллельная асинхронная модель решения задач</title>
        <student>8f23720e-8fc2-4b6b-af29-f39a91f5f750</student>
        <manager>44a13a20-2b11-4743-bfd2-36c097a23449</manager>
        <economicsConsultant>43d5b294-9ed0-4dc9-a585-ed3b48d9b698</economicsConsultant>
        <protectionOfLaborConsultant>d0581247-020e-4ba8-aa95-61e1edc17383</protectionOfLaborConsultant>
        <normalInspectionConsultant>fd472646-6763-422a-9b36-27bc54b70b01</normalInspectionConsultant>
        <reviewer>23bc33a6-0065-4365-b567-e591f3cf2ab3</reviewer>
    </graduateWork>
    <graduateWork>
        <id>48c8b813-ea67-48a3-96d4-bf64f0e75577</id>
        <title>Система визуализации гра-фика движения поездов.</title>
        <student>08830d0e-f866-4a8f-b590-69fe9115a4fb</student>
        <manager>d6386969-7294-4f09-8536-92e9d7582c4c</manager>
        <specialityConsultant>b3df261c-71b9-4116-abb3-36b295d27b61</specialityConsultant>
        <economicsConsultant>43d5b294-9ed0-4dc9-a585-ed3b48d9b698</economicsConsultant>
        <protectionOfLaborConsultant>d0581247-020e-4ba8-aa95-61e1edc17383</protectionOfLaborConsultant>
        <normalInspectionConsultant>fd472646-6763-422a-9b36-27bc54b70b01</normalInspectionConsultant>
        <reviewer>37d923bc-66f4-446d-9614-68d22f2766ca</reviewer>
    </graduateWork>
    <graduateWork>
        <id>0cee2a6f-53c0-427c-89f5-b93159c75346</id>
        <title>Модуль интеграции систе-мы автоматизации бизнес-процессов страховой ком-пании с внешними системами</title>
        <student>72af828e-47a1-452b-a159-3b3e48593e2b</student>
        <manager>f9e4a321-dd49-4dac-b7b5-229fd523375b</manager>
        <specialityConsultant>b3df261c-71b9-4116-abb3-36b295d27b61</specialityConsultant>
        <protectionOfLaborConsultant>d0581247-020e-4ba8-aa95-61e1edc17383</protectionOfLaborConsultant>
        <normalInspectionConsultant>fd472646-6763-422a-9b36-27bc54b70b01</normalInspectionConsultant>
        <reviewer>168b25d3-10aa-49ed-a7d5-20f446ac65ea</reviewer>
    </graduateWork>
    <graduateWork>
        <id>93c24e28-2297-46f8-9c22-8a9bce30d785</id>
        <title>Библиотека агентов решения задач над семантическим пространством.</title>
        <student>90da7bf7-bd5d-4715-967e-614bce0934e8</student>
        <manager>8fb8a572-7a7e-4cf9-ad9c-a1cacea9a40d</manager>
        <specialityConsultant>b3df261c-71b9-4116-abb3-36b295d27b61</specialityConsultant>
        <economicsConsultant>43d5b294-9ed0-4dc9-a585-ed3b48d9b698</economicsConsultant>
        <protectionOfLaborConsultant>d0581247-020e-4ba8-aa95-61e1edc17383</protectionOfLaborConsultant>
        <normalInspectionConsultant>fd472646-6763-422a-9b36-27bc54b70b01</normalInspectionConsultant>
        <reviewer>23bc33a6-0065-4365-b567-e591f3cf2ab3</reviewer>
    </graduateWork>
    <graduateWork>
        <id>0ed3c1ae-0d67-44cb-a9df-418272327352</id>
        <title>Система поддержки много-пользовательской игры для сети Интернет</title>
        <student>0bb6a6e8-6cc0-4519-a17d-803a511e5c70</student>
        <manager>f07b9334-2daa-488c-b783-d3a41429d1a1</manager>
        <specialityConsultant>b3df261c-71b9-4116-abb3-36b295d27b61</specialityConsultant>
        <economicsConsultant>78b9cb9d-a27e-454e-a867-47687139fe0a</economicsConsultant>
        <protectionOfLaborConsultant>d0581247-020e-4ba8-aa95-61e1edc17383</protectionOfLaborConsultant>
        <normalInspectionConsultant>fd472646-6763-422a-9b36-27bc54b70b01</normalInspectionConsultant>
        <reviewer>d12c0e47-384d-4a69-bd58-1f50e2d2fe62</reviewer>
    </graduateWork>
    <graduateWork>
        <id>33f33ad6-b551-4704-8ff7-c55171ce1336</id>
        <title>Программный модуль для автоматизации процессов разработки программного обеспечения</title>
        <student>e7dad774-ec11-499a-9476-3b5375320de4</student>
        <manager>ddd32450-22fe-45a7-bece-86f8965a3c61</manager>
        <specialityConsultant>b3df261c-71b9-4116-abb3-36b295d27b61</specialityConsultant>
        <economicsConsultant>43d5b294-9ed0-4dc9-a585-ed3b48d9b698</economicsConsultant>
        <protectionOfLaborConsultant>d0581247-020e-4ba8-aa95-61e1edc17383</protectionOfLaborConsultant>
        <normalInspectionConsultant>fd472646-6763-422a-9b36-27bc54b70b01</normalInspectionConsultant>
        <reviewer>969628ea-344f-4fa5-9bcf-472ee390041d</reviewer>
    </graduateWork>
    <graduateWork>
        <id>41f94cc5-0e4d-4dfe-8614-f37c786e4520</id>
        <title>Пакет прикладных про-грамм для учета и обработ-ки информации о студентах Минского государственного  лингвистического  универ-ситета</title>
        <student>c989aecf-e34b-4e33-82ae-cef7a422e0b2</student>
        <manager>08f1e054-510f-4aaa-a44a-2a362ef094a3</manager>
        <specialityConsultant>b3df261c-71b9-4116-abb3-36b295d27b61</specialityConsultant>
        <protectionOfLaborConsultant>d0581247-020e-4ba8-aa95-61e1edc17383</protectionOfLaborConsultant>
        <normalInspectionConsultant>fd472646-6763-422a-9b36-27bc54b70b01</normalInspectionConsultant>
        <reviewer>d12c0e47-384d-4a69-bd58-1f50e2d2fe62</reviewer>
    </graduateWork>
    <graduateWork>
        <id>782c0fe1-c3c3-42c2-8cf2-6c30684738a8</id>
        <title>Многоуровневая система адаптации сайтов под различные мобильные платформы</title>
        <student>d5d2d3ed-c985-4a44-aef1-c2e0afb244c2</student>
        <manager>fa8e3bfc-73eb-4dba-88af-0f03ce90fdc3</manager>
        <specialityConsultant>fd472646-6763-422a-9b36-27bc54b70b01</specialityConsultant>
        <economicsConsultant>78b9cb9d-a27e-454e-a867-47687139fe0a</economicsConsultant>
        <protectionOfLaborConsultant>d0581247-020e-4ba8-aa95-61e1edc17383</protectionOfLaborConsultant>
        <normalInspectionConsultant>fd472646-6763-422a-9b36-27bc54b70b01</normalInspectionConsultant>
        <reviewer>168b25d3-10aa-49ed-a7d5-20f446ac65ea</reviewer>
    </graduateWork>
    <graduateWork>
        <id>f331f1ca-4038-402b-8a37-847f8671e96b</id>
        <title>База знаний интеллектуаль-ной метасистемы проекта OSTIS</title>
        <student>d7c861f3-f776-47ad-be87-3a7fb8d67c05</student>
        <manager>b3df261c-71b9-4116-abb3-36b295d27b61</manager>
        <specialityConsultant>b3df261c-71b9-4116-abb3-36b295d27b61</specialityConsultant>
        <protectionOfLaborConsultant>d0581247-020e-4ba8-aa95-61e1edc17383</protectionOfLaborConsultant>
        <normalInspectionConsultant>fd472646-6763-422a-9b36-27bc54b70b01</normalInspectionConsultant>
        <reviewer>37d923bc-66f4-446d-9614-68d22f2766ca</reviewer>
    </graduateWork>
    <graduateWork>
        <id>f5cd5d4e-756b-480f-8752-2540f2a1ebe7</id>
        <title>Библиотека компонентов для автоматизации тестирования web-приложения, предоставляющего услуги интернет-провайдера</title>
        <student>45101cc3-5799-4b73-818c-f65d64ab8c65</student>
        <manager>4c0b2198-84f7-4343-a3ab-a247429721d7</manager>
        <specialityConsultant>fd472646-6763-422a-9b36-27bc54b70b01</specialityConsultant>
        <economicsConsultant>78b9cb9d-a27e-454e-a867-47687139fe0a</economicsConsultant>
        <protectionOfLaborConsultant>d0581247-020e-4ba8-aa95-61e1edc17383</protectionOfLaborConsultant>
        <normalInspectionConsultant>fd472646-6763-422a-9b36-27bc54b70b01</normalInspectionConsultant>
        <reviewer>cce4f0e3-fabf-46e9-8056-58edd60b578f</reviewer>
    </graduateWork>
    <graduateWork>
        <id>d11ba610-2886-468e-86cc-e268c8529cb0</id>
        <title>Автоматизация процесса за-грузки программ в систему микропроцессорной цен-трализации «Днепр»</title>
        <student>049c63a3-a205-4a38-8b1a-01050b6369e2</student>
        <manager>b843469d-8523-4682-8f84-ec0bd516c952</manager>
        <specialityConsultant>b3df261c-71b9-4116-abb3-36b295d27b61</specialityConsultant>
        <economicsConsultant>43d5b294-9ed0-4dc9-a585-ed3b48d9b698</economicsConsultant>
        <protectionOfLaborConsultant>d0581247-020e-4ba8-aa95-61e1edc17383</protectionOfLaborConsultant>
        <normalInspectionConsultant>fd472646-6763-422a-9b36-27bc54b70b01</normalInspectionConsultant>
        <reviewer>cce4f0e3-fabf-46e9-8056-58edd60b578f</reviewer>
    </graduateWork>
    <graduateWork>
        <id>a2e22594-575c-471b-892d-f44bdb6e7b62</id>
        <title>Система рассылки видеоданных в интернете.</title>
        <student>acd23e3a-4415-463e-a5a2-60fc77e953ae</student>
        <manager>2fcd8b0c-1e89-4a12-96aa-4182c5d7acca</manager>
        <specialityConsultant>fd472646-6763-422a-9b36-27bc54b70b01</specialityConsultant>
        <protectionOfLaborConsultant>d0581247-020e-4ba8-aa95-61e1edc17383</protectionOfLaborConsultant>
        <normalInspectionConsultant>fd472646-6763-422a-9b36-27bc54b70b01</normalInspectionConsultant>
        <reviewer>d3c7af1e-ba3e-4566-9670-425ffc0ca8d7</reviewer>
    </graduateWork>
    <graduateWork>
        <id>fc969821-ecec-4554-b440-2f74c4d03205</id>
        <title>Автоматизированная система анализа семантического ядра сайта</title>
        <student>25eda3f2-c6b6-4463-afa6-7f115974ec46</student>
        <manager>c15b5b8f-4c98-40fb-bd2b-58eded7783f6</manager>
        <specialityConsultant>b3df261c-71b9-4116-abb3-36b295d27b61</specialityConsultant>
        <protectionOfLaborConsultant>d0581247-020e-4ba8-aa95-61e1edc17383</protectionOfLaborConsultant>
        <normalInspectionConsultant>fd472646-6763-422a-9b36-27bc54b70b01</normalInspectionConsultant>
        <reviewer>23bc33a6-0065-4365-b567-e591f3cf2ab3</reviewer>
    </graduateWork>
    <graduateWork>
        <id>89033652-8990-4a1a-b4c0-832f6e66ee72</id>
        <title>Система автоматизации до-кументооборота предпри-ятия по разработке про-граммного и аппаратного обеспечения</title>
        <student>50866883-9ed8-43d5-879b-58684987bde3</student>
        <manager>fae9ead1-fcf8-43bb-869a-962b4dbada6e</manager>
        <specialityConsultant>b3df261c-71b9-4116-abb3-36b295d27b61</specialityConsultant>
        <protectionOfLaborConsultant>d0581247-020e-4ba8-aa95-61e1edc17383</protectionOfLaborConsultant>
        <normalInspectionConsultant>fd472646-6763-422a-9b36-27bc54b70b01</normalInspectionConsultant>
        <reviewer>870c2861-30bb-414c-899a-6987f98d7ea7</reviewer>
    </graduateWork>
    <graduateWork>
        <id>556d2e60-73ab-4cdb-a765-cc0e5d29b11d</id>
        <title>Подсистема администриро-вания web-сайта выпус-кающей кафедры</title>
        <student>b5c9ddd1-ba72-4445-9901-77a99c6b34f5</student>
        <manager>fd472646-6763-422a-9b36-27bc54b70b01</manager>
        <specialityConsultant>fd472646-6763-422a-9b36-27bc54b70b01</specialityConsultant>
        <economicsConsultant>78b9cb9d-a27e-454e-a867-47687139fe0a</economicsConsultant>
        <protectionOfLaborConsultant>d0581247-020e-4ba8-aa95-61e1edc17383</protectionOfLaborConsultant>
        <normalInspectionConsultant>fd472646-6763-422a-9b36-27bc54b70b01</normalInspectionConsultant>
        <reviewer>050e1caf-00e0-4591-ba53-ffaa86afee5f</reviewer>
    </graduateWork>
    <graduateWork>
        <id>a8964cab-c226-4ead-b132-ce6d058422f6</id>
        <title>Система генерации персо-нализированной корреспонденции</title>
        <student>ec2808cb-7640-4504-8381-83db27615f24</student>
        <manager>097628cf-c5f5-4f67-8e05-c7df2401ec5b</manager>
        <specialityConsultant>f5181fc8-5b98-4c9d-b30c-da180980ce1b</specialityConsultant>
        <economicsConsultant>43d5b294-9ed0-4dc9-a585-ed3b48d9b698</economicsConsultant>
        <protectionOfLaborConsultant>d0581247-020e-4ba8-aa95-61e1edc17383</protectionOfLaborConsultant>
        <normalInspectionConsultant>fd472646-6763-422a-9b36-27bc54b70b01</normalInspectionConsultant>
        <reviewer>23bc33a6-0065-4365-b567-e591f3cf2ab3</reviewer>
    </graduateWork>
    <graduateWork>
        <id>3eb04ceb-dfbb-4faf-a22b-75188fc6cf52</id>
        <title>Система документооборота для брокерской деятельности</title>
        <student>00d285b1-50ad-495f-bd57-f05260d4380f</student>
        <manager>7c150f77-1905-40fa-b2ee-09fbb88e3f84</manager>
        <specialityConsultant>b3df261c-71b9-4116-abb3-36b295d27b61</specialityConsultant>
        <protectionOfLaborConsultant>d0581247-020e-4ba8-aa95-61e1edc17383</protectionOfLaborConsultant>
        <normalInspectionConsultant>fd472646-6763-422a-9b36-27bc54b70b01</normalInspectionConsultant>
        <reviewer>870c2861-30bb-414c-899a-6987f98d7ea7</reviewer>
    </graduateWork>
    <graduateWork>
        <id>b3122cd5-6a96-4873-82c2-d7cfc0ec3858</id>
        <title>Подсистема пользовательского интерфейса в системе дистанционного банковского обслуживания для работы без использования пластиковой банковской карты</title>
        <student>c4df1506-c9e3-4905-b7dd-d82637921b3e</student>
        <manager>097628cf-c5f5-4f67-8e05-c7df2401ec5b</manager>
        <specialityConsultant>f5181fc8-5b98-4c9d-b30c-da180980ce1b</specialityConsultant>
        <economicsConsultant>78b9cb9d-a27e-454e-a867-47687139fe0a</economicsConsultant>
        <protectionOfLaborConsultant>d0581247-020e-4ba8-aa95-61e1edc17383</protectionOfLaborConsultant>
        <normalInspectionConsultant>fd472646-6763-422a-9b36-27bc54b70b01</normalInspectionConsultant>
        <reviewer>8130ce2a-9d0e-485f-be16-fce7314bb11d</reviewer>
    </graduateWork>
    <graduateWork>
        <id>081bc267-845d-48b5-9f06-e24c688ee338</id>
        <title>Разработка сервиса расчета таможенных платежей</title>
        <student>07f075d1-ec7f-455e-b81a-5114c6a3110a</student>
        <manager>3a7ac5fc-d6b2-4713-8ffa-268040259b63</manager>
        <specialityConsultant>b3df261c-71b9-4116-abb3-36b295d27b61</specialityConsultant>
        <protectionOfLaborConsultant>d0581247-020e-4ba8-aa95-61e1edc17383</protectionOfLaborConsultant>
        <normalInspectionConsultant>fd472646-6763-422a-9b36-27bc54b70b01</normalInspectionConsultant>
        <reviewer>264a3439-f0e3-4203-a4b8-3909b4d04120</reviewer>
    </graduateWork>
    <graduateWork>
        <id>27fa54c8-d76e-443a-b3cd-96f23a5c69a6</id>
        <title>Программные средства автоматизации тестирования биллингового веб-приложения</title>
        <student>de059320-873a-4117-be8f-1b89449a343b</student>
        <manager>30112e56-bb5f-425b-91eb-89d28a23fe9d</manager>
        <specialityConsultant>fd472646-6763-422a-9b36-27bc54b70b01</specialityConsultant>
        <economicsConsultant>78b9cb9d-a27e-454e-a867-47687139fe0a</economicsConsultant>
        <protectionOfLaborConsultant>d0581247-020e-4ba8-aa95-61e1edc17383</protectionOfLaborConsultant>
        <normalInspectionConsultant>fd472646-6763-422a-9b36-27bc54b70b01</normalInspectionConsultant>
        <reviewer>050e1caf-00e0-4591-ba53-ffaa86afee5f</reviewer>
    </graduateWork>
    <graduateWork>
        <id>d99e174f-b199-4613-9505-5cf49aeece49</id>
        <title>Автоматизированная сис-тема поддержки «Програм-мы лояльности» для системы онлайн-бронирования</title>
        <student>d67cbe33-d2e1-41e7-b2f8-46328b2373b2</student>
        <manager>5db1c909-5156-4307-a4ad-8c91312d762e</manager>
        <specialityConsultant>fd472646-6763-422a-9b36-27bc54b70b01</specialityConsultant>
        <protectionOfLaborConsultant>d0581247-020e-4ba8-aa95-61e1edc17383</protectionOfLaborConsultant>
        <normalInspectionConsultant>fd472646-6763-422a-9b36-27bc54b70b01</normalInspectionConsultant>
        <reviewer>870c2861-30bb-414c-899a-6987f98d7ea7</reviewer>
    </graduateWork>
    <graduateWork>
        <id>bafe10b8-fb92-4dde-aa87-80ecf5d96066</id>
        <title>Программные средства оптимизации поиска для web-приложения</title>
        <student>0cbae23f-519a-4c24-b8db-d49832f8d902</student>
        <manager>4ce9fed4-4133-474a-b7de-4afda5bcbea2</manager>
        <specialityConsultant>b3df261c-71b9-4116-abb3-36b295d27b61</specialityConsultant>
        <economicsConsultant>78b9cb9d-a27e-454e-a867-47687139fe0a</economicsConsultant>
        <protectionOfLaborConsultant>d0581247-020e-4ba8-aa95-61e1edc17383</protectionOfLaborConsultant>
        <normalInspectionConsultant>fd472646-6763-422a-9b36-27bc54b70b01</normalInspectionConsultant>
        <reviewer>2e13afa4-454f-43f6-986a-3c837d860d81</reviewer>
    </graduateWork>
    <graduateWork>
        <id>d9480a89-15d9-4797-a73f-239f77fba524</id>
        <title>Подсистема поддержки компонентной разработки web-сайта</title>
        <student>e12c1e83-f0dc-4197-96c4-3f89b1a170be</student>
        <manager>3c3cef74-cd77-45c1-b09f-966450cca42a</manager>
        <specialityConsultant>b3df261c-71b9-4116-abb3-36b295d27b61</specialityConsultant>
        <economicsConsultant>78b9cb9d-a27e-454e-a867-47687139fe0a</economicsConsultant>
        <protectionOfLaborConsultant>d0581247-020e-4ba8-aa95-61e1edc17383</protectionOfLaborConsultant>
        <normalInspectionConsultant>fd472646-6763-422a-9b36-27bc54b70b01</normalInspectionConsultant>
        <reviewer>cce4f0e3-fabf-46e9-8056-58edd60b578f</reviewer>
    </graduateWork>
    <graduateWork>
        <id>5d594ff8-bd03-4f60-8064-d16de6361fd1</id>
        <title>Программный модуль векторизации растровых изображений на основе генети-ческого программирования </title>
        <student>882714e2-9c12-4f04-8be2-bf27b85edb1f</student>
        <manager>0b8e86a5-7b5a-42ea-948a-50ae4c15a5fb</manager>
        <specialityConsultant>b3df261c-71b9-4116-abb3-36b295d27b61</specialityConsultant>
        <economicsConsultant>43d5b294-9ed0-4dc9-a585-ed3b48d9b698</economicsConsultant>
        <protectionOfLaborConsultant>d0581247-020e-4ba8-aa95-61e1edc17383</protectionOfLaborConsultant>
        <normalInspectionConsultant>fd472646-6763-422a-9b36-27bc54b70b01</normalInspectionConsultant>
        <reviewer>264a3439-f0e3-4203-a4b8-3909b4d04120</reviewer>
    </graduateWork>
    <graduateWork>
        <id>c6304492-3d2c-46d7-b785-570ad6ec95d8</id>
        <title>Автоматизированная система для обучения английскому языку</title>
        <student>5953ad19-4551-43de-b31c-26f2c727cb17</student>
        <manager>d6a7e10f-1c71-44fe-a029-0a06a26b93a6</manager>
        <specialityConsultant>fd472646-6763-422a-9b36-27bc54b70b01</specialityConsultant>
        <economicsConsultant>78b9cb9d-a27e-454e-a867-47687139fe0a</economicsConsultant>
        <protectionOfLaborConsultant>d0581247-020e-4ba8-aa95-61e1edc17383</protectionOfLaborConsultant>
        <normalInspectionConsultant>fd472646-6763-422a-9b36-27bc54b70b01</normalInspectionConsultant>
        <reviewer>264a3439-f0e3-4203-a4b8-3909b4d04120</reviewer>
    </graduateWork>
    <graduateWork>
        <id>b15c196b-f8d5-47fb-bb25-d3f194f8e88b</id>
        <title>Интерактивная система по оплате страховых расходов на здравоохранение для мобильной платформы</title>
        <student>a79ac1a8-e596-4242-8c57-4dad6009deec</student>
        <manager>3cdf51d8-d63e-4856-adbe-3122f3d099ea</manager>
        <specialityConsultant>fd472646-6763-422a-9b36-27bc54b70b01</specialityConsultant>
        <economicsConsultant>9154c240-ede2-41f7-baeb-242616d71dd5</economicsConsultant>
        <protectionOfLaborConsultant>d3063fda-9c50-4811-8043-f6a10fd0a282</protectionOfLaborConsultant>
        <normalInspectionConsultant>fd472646-6763-422a-9b36-27bc54b70b01</normalInspectionConsultant>
        <reviewer>8072161d-a072-4928-bc9a-a7cb946afc35</reviewer>
        <dateOfIssue>2013-05-23T10:13:44.591+00:00</dateOfIssue>
    </graduateWork>
    <graduateWork>
        <id>7c87fe66-cf74-4673-ab3b-4bce3582d0cd</id>
        <title>Информационно-справочная система по современному искусству</title>
        <student>62f5ffbe-975c-428f-ad4f-e17bc0a16305</student>
        <manager>b3df261c-71b9-4116-abb3-36b295d27b61</manager>
        <specialityConsultant>b3df261c-71b9-4116-abb3-36b295d27b61</specialityConsultant>
        <economicsConsultant>9154c240-ede2-41f7-baeb-242616d71dd5</economicsConsultant>
        <protectionOfLaborConsultant>d3063fda-9c50-4811-8043-f6a10fd0a282</protectionOfLaborConsultant>
        <normalInspectionConsultant>fd472646-6763-422a-9b36-27bc54b70b01</normalInspectionConsultant>
        <reviewer>8072161d-a072-4928-bc9a-a7cb946afc35</reviewer>
    </graduateWork>
</graduateWorkList>
