<?xml version="1.0" encoding="UTF-8" standalone="yes"?>
<practicePlaceList>
    <list xmlns:xsi="http://www.w3.org/2001/XMLSchema-instance" xsi:type="practicePlace">
        <companyId>e4ae1931-37c2-4b03-aa8e-2680c5420a08</companyId>
        <maxStudentsNumber>0</maxStudentsNumber>
    </list>
    <list xmlns:xsi="http://www.w3.org/2001/XMLSchema-instance" xsi:type="practicePlace">
        <companyId>f9725290-8578-4533-a419-666e902a7f89</companyId>
        <maxStudentsNumber>7</maxStudentsNumber>
        <practiceWork>
            <studentId>6931bfe4-f29d-490f-a33d-e6dd5948df23</studentId>
            <consultantId>b2e8705d-789f-4be7-b7f4-1e3235a7d487</consultantId>
            <companyId>f9725290-8578-4533-a419-666e902a7f89</companyId>
        </practiceWork>
        <practiceWork>
            <studentId>be40389b-fcee-443e-81fb-c41aa2c18224</studentId>
            <consultantId>b2e8705d-789f-4be7-b7f4-1e3235a7d487</consultantId>
            <companyId>f9725290-8578-4533-a419-666e902a7f89</companyId>
        </practiceWork>
        <practiceWork>
            <studentId>31a5abb2-d613-495a-baa2-cd09e3fec797</studentId>
            <consultantId>b2e8705d-789f-4be7-b7f4-1e3235a7d487</consultantId>
            <companyId>f9725290-8578-4533-a419-666e902a7f89</companyId>
        </practiceWork>
        <practiceWork>
            <studentId>4d3ef951-f351-4104-8406-b16b1fccdf54</studentId>
            <consultantId>b2e8705d-789f-4be7-b7f4-1e3235a7d487</consultantId>
            <companyId>f9725290-8578-4533-a419-666e902a7f89</companyId>
        </practiceWork>
        <practiceWork>
            <studentId>eab4d311-0795-4a24-914b-539034142789</studentId>
            <consultantId>b2e8705d-789f-4be7-b7f4-1e3235a7d487</consultantId>
            <companyId>f9725290-8578-4533-a419-666e902a7f89</companyId>
        </practiceWork>
        <practiceWork>
            <studentId>bbc3f359-b76d-425f-935a-5da204e22ec0</studentId>
            <consultantId>b2e8705d-789f-4be7-b7f4-1e3235a7d487</consultantId>
            <companyId>f9725290-8578-4533-a419-666e902a7f89</companyId>
        </practiceWork>
    </list>
    <practicePlace>
        <companyId>e4ae1931-37c2-4b03-aa8e-2680c5420a08</companyId>
        <maxStudentsNumber>0</maxStudentsNumber>
    </practicePlace>
    <practicePlace>
        <companyId>f9725290-8578-4533-a419-666e902a7f89</companyId>
        <maxStudentsNumber>7</maxStudentsNumber>
        <practiceWork>
            <studentId>6931bfe4-f29d-490f-a33d-e6dd5948df23</studentId>
            <consultantId>b2e8705d-789f-4be7-b7f4-1e3235a7d487</consultantId>
            <companyId>f9725290-8578-4533-a419-666e902a7f89</companyId>
        </practiceWork>
        <practiceWork>
            <studentId>be40389b-fcee-443e-81fb-c41aa2c18224</studentId>
            <consultantId>b2e8705d-789f-4be7-b7f4-1e3235a7d487</consultantId>
            <companyId>f9725290-8578-4533-a419-666e902a7f89</companyId>
        </practiceWork>
        <practiceWork>
            <studentId>31a5abb2-d613-495a-baa2-cd09e3fec797</studentId>
            <consultantId>b2e8705d-789f-4be7-b7f4-1e3235a7d487</consultantId>
            <companyId>f9725290-8578-4533-a419-666e902a7f89</companyId>
        </practiceWork>
        <practiceWork>
            <studentId>4d3ef951-f351-4104-8406-b16b1fccdf54</studentId>
            <consultantId>b2e8705d-789f-4be7-b7f4-1e3235a7d487</consultantId>
            <companyId>f9725290-8578-4533-a419-666e902a7f89</companyId>
        </practiceWork>
        <practiceWork>
            <studentId>eab4d311-0795-4a24-914b-539034142789</studentId>
            <consultantId>b2e8705d-789f-4be7-b7f4-1e3235a7d487</consultantId>
            <companyId>f9725290-8578-4533-a419-666e902a7f89</companyId>
        </practiceWork>
        <practiceWork>
            <studentId>bbc3f359-b76d-425f-935a-5da204e22ec0</studentId>
            <consultantId>b2e8705d-789f-4be7-b7f4-1e3235a7d487</consultantId>
            <companyId>f9725290-8578-4533-a419-666e902a7f89</companyId>
        </practiceWork>
    </practicePlace>
</practicePlaceList>
