<?xml version="1.0" encoding="UTF-8" standalone="yes"?>
<ouList>
    <list xmlns:xsi="http://www.w3.org/2001/XMLSchema-instance" xsi:type="organizationUnit">
        <id>8f6d3053-97aa-4581-8242-83060081f59c</id>
        <name>5</name>
        <type>STREAM</type>
        <entranceYear>2006</entranceYear>
    </list>
    <list xmlns:xsi="http://www.w3.org/2001/XMLSchema-instance" xsi:type="organizationUnit">
        <id>43e5d377-0f12-4e0b-a220-701815e7434b</id>
        <name>052001</name>
        <type>GROUP</type>
    </list>
    <ou>
        <id>8f6d3053-97aa-4581-8242-83060081f59c</id>
        <name>5</name>
        <type>STREAM</type>
        <entranceYear>2006</entranceYear>
    </ou>
    <ou>
        <id>43e5d377-0f12-4e0b-a220-701815e7434b</id>
        <name>052001</name>
        <type>GROUP</type>
    </ou>
</ouList>
