<?xml version="1.0" encoding="UTF-8" standalone="yes"?>
<studentList>
    <list xmlns:xsi="http://www.w3.org/2001/XMLSchema-instance" xsi:type="student">
        <id>41e89e29-25af-427a-8aba-5a8621c8094a</id>
        <lastName></lastName>
        <averageMark>0.0</averageMark>
    </list>
    <list xmlns:xsi="http://www.w3.org/2001/XMLSchema-instance" xsi:type="student">
        <id>0bb8403d-4b58-43ce-9d34-0059da1e1c8e</id>
        <lastName></lastName>
        <averageMark>0.0</averageMark>
    </list>
    <list xmlns:xsi="http://www.w3.org/2001/XMLSchema-instance" xsi:type="student">
        <id>34a29c1b-950a-4251-93df-d500a2c9f58a</id>
        <lastName></lastName>
        <averageMark>0.0</averageMark>
    </list>
    <list xmlns:xsi="http://www.w3.org/2001/XMLSchema-instance" xsi:type="student">
        <id>291ca187-5d51-48a9-958b-4a318a264637</id>
        <lastName></lastName>
        <averageMark>0.0</averageMark>
    </list>
    <list xmlns:xsi="http://www.w3.org/2001/XMLSchema-instance" xsi:type="student">
        <id>17327349-863a-4f90-8c2f-9e68d0c62a99</id>
        <lastName></lastName>
        <averageMark>0.0</averageMark>
    </list>
    <list xmlns:xsi="http://www.w3.org/2001/XMLSchema-instance" xsi:type="student">
        <id>05f56540-e835-4330-bdd2-12767fc64c66</id>
        <firstName>Андрей</firstName>
        <lastName>Бавтрушко</lastName>
        <patronymicName>Михайлович</patronymicName>
        <averageMark>0.0</averageMark>
    </list>
    <list xmlns:xsi="http://www.w3.org/2001/XMLSchema-instance" xsi:type="student">
        <id>b365fc75-8084-4de3-a9a7-4b9e6af44d9a</id>
        <firstName>Михаил</firstName>
        <lastName>Балейко</lastName>
        <patronymicName>Валерьевич</patronymicName>
        <averageMark>0.0</averageMark>
    </list>
    <list xmlns:xsi="http://www.w3.org/2001/XMLSchema-instance" xsi:type="student">
        <id>90ef40d0-61d4-4834-9c2e-59f22e180b2d</id>
        <firstName>Михаил</firstName>
        <lastName>Барташевич</lastName>
        <patronymicName>Викторович</patronymicName>
        <averageMark>0.0</averageMark>
    </list>
    <list xmlns:xsi="http://www.w3.org/2001/XMLSchema-instance" xsi:type="student">
        <id>13ef7e49-4647-4456-92db-5709247e53e8</id>
        <firstName>Алексей</firstName>
        <lastName>Барышнев</lastName>
        <patronymicName>Александрович</patronymicName>
        <averageMark>0.0</averageMark>
    </list>
    <list xmlns:xsi="http://www.w3.org/2001/XMLSchema-instance" xsi:type="student">
        <id>006cc284-44f4-4bc5-b6a5-86d06d4f6c20</id>
        <firstName>Виталий</firstName>
        <lastName>Башмаков</lastName>
        <patronymicName>Александрович</patronymicName>
        <averageMark>0.0</averageMark>
    </list>
    <list xmlns:xsi="http://www.w3.org/2001/XMLSchema-instance" xsi:type="student">
        <id>617d675a-753a-4009-8c67-f18693d03d45</id>
        <firstName>Владимир</firstName>
        <lastName>Березкин</lastName>
        <patronymicName>Александрович</patronymicName>
        <averageMark>0.0</averageMark>
    </list>
    <list xmlns:xsi="http://www.w3.org/2001/XMLSchema-instance" xsi:type="student">
        <id>c1906e2a-3d54-4e46-9e73-6b0ceba8ebb9</id>
        <firstName>Владимир</firstName>
        <lastName>Бобков</lastName>
        <patronymicName>Викторович</patronymicName>
        <averageMark>0.0</averageMark>
    </list>
    <list xmlns:xsi="http://www.w3.org/2001/XMLSchema-instance" xsi:type="student">
        <id>c6735db9-9062-46b3-b0c7-08a3dc54e78d</id>
        <firstName>Александр</firstName>
        <lastName>Бондарчик</lastName>
        <patronymicName>Александрович</patronymicName>
        <averageMark>0.0</averageMark>
    </list>
    <list xmlns:xsi="http://www.w3.org/2001/XMLSchema-instance" xsi:type="student">
        <id>6ba1faeb-65ca-446e-8312-92cda19799db</id>
        <firstName>Артём</firstName>
        <lastName>Борисенко</lastName>
        <patronymicName>Юрьевич</patronymicName>
        <averageMark>0.0</averageMark>
    </list>
    <list xmlns:xsi="http://www.w3.org/2001/XMLSchema-instance" xsi:type="student">
        <id>1529da4e-1777-4423-af5d-85641548e76e</id>
        <firstName>Ольга</firstName>
        <lastName>Гавриленко</lastName>
        <patronymicName>Григорьевна</patronymicName>
        <averageMark>0.0</averageMark>
    </list>
    <list xmlns:xsi="http://www.w3.org/2001/XMLSchema-instance" xsi:type="student">
        <id>414898d3-4600-49bf-9c14-6a967d6a7f56</id>
        <firstName>Алексей</firstName>
        <lastName>Гарустович</lastName>
        <patronymicName>Александрович</patronymicName>
        <averageMark>0.0</averageMark>
    </list>
    <list xmlns:xsi="http://www.w3.org/2001/XMLSchema-instance" xsi:type="student">
        <id>1ea474e5-8dab-4927-b5a4-92d0da4588db</id>
        <firstName>Андрей</firstName>
        <lastName>Гетманский</lastName>
        <patronymicName>Александрович</patronymicName>
        <averageMark>0.0</averageMark>
    </list>
    <list xmlns:xsi="http://www.w3.org/2001/XMLSchema-instance" xsi:type="student">
        <id>84584096-dbe5-4998-966e-42ff43da5cc0</id>
        <firstName>Андрей</firstName>
        <lastName>Глазунов</lastName>
        <patronymicName>Сергеевич</patronymicName>
        <averageMark>0.0</averageMark>
    </list>
    <list xmlns:xsi="http://www.w3.org/2001/XMLSchema-instance" xsi:type="student">
        <id>731601ff-b0f7-4f7d-845b-d66789f5c29a</id>
        <firstName>Наталья</firstName>
        <lastName>Гракова</lastName>
        <patronymicName>Викторовна</patronymicName>
        <averageMark>0.0</averageMark>
    </list>
    <list xmlns:xsi="http://www.w3.org/2001/XMLSchema-instance" xsi:type="student">
        <id>f071c9c1-a8af-4bd4-ba14-0b5236cfed5d</id>
        <firstName>Павел</firstName>
        <lastName>Гречишкин</lastName>
        <patronymicName>Александрович</patronymicName>
        <averageMark>0.0</averageMark>
    </list>
    <list xmlns:xsi="http://www.w3.org/2001/XMLSchema-instance" xsi:type="student">
        <id>1b7fdc33-3c21-4525-9ee4-44a6c361e001</id>
        <firstName>Алексей</firstName>
        <lastName>Демидович</lastName>
        <patronymicName>Валерьевич</patronymicName>
        <averageMark>0.0</averageMark>
    </list>
    <list xmlns:xsi="http://www.w3.org/2001/XMLSchema-instance" xsi:type="student">
        <id>d739987d-c845-48f5-9866-176d04056ac5</id>
        <firstName>Михаил</firstName>
        <lastName>Демчук</lastName>
        <patronymicName>Александрович</patronymicName>
        <averageMark>0.0</averageMark>
    </list>
    <list xmlns:xsi="http://www.w3.org/2001/XMLSchema-instance" xsi:type="student">
        <id>8bd5f72f-9060-43fb-8c85-bb114e3100d2</id>
        <firstName>Роман</firstName>
        <lastName>Дуник</lastName>
        <patronymicName>Александрович</patronymicName>
        <averageMark>0.0</averageMark>
    </list>
    <list xmlns:xsi="http://www.w3.org/2001/XMLSchema-instance" xsi:type="student">
        <id>b981d0d2-6645-4802-9964-2ce93d143c93</id>
        <firstName>Константин</firstName>
        <lastName>Ермолович</lastName>
        <patronymicName>Владимирович</patronymicName>
        <averageMark>0.0</averageMark>
    </list>
    <list xmlns:xsi="http://www.w3.org/2001/XMLSchema-instance" xsi:type="student">
        <id>516b5487-735b-4acb-bd6f-d823535dc9cb</id>
        <firstName>Алексей</firstName>
        <lastName>Ефименко</lastName>
        <patronymicName>Викторович</patronymicName>
        <averageMark>0.0</averageMark>
    </list>
    <list xmlns:xsi="http://www.w3.org/2001/XMLSchema-instance" xsi:type="student">
        <id>b37020b4-977b-4798-b9b9-082844d8f74f</id>
        <firstName>Максим</firstName>
        <lastName>Ефимов</lastName>
        <patronymicName>Юрьевич</patronymicName>
        <averageMark>0.0</averageMark>
    </list>
    <list xmlns:xsi="http://www.w3.org/2001/XMLSchema-instance" xsi:type="student">
        <id>4d2ff99f-fdb9-423d-b5d9-a99d68bb367f</id>
        <firstName>Вячеслав</firstName>
        <lastName>Жадан</lastName>
        <patronymicName>Александрович</patronymicName>
        <averageMark>0.0</averageMark>
    </list>
    <list xmlns:xsi="http://www.w3.org/2001/XMLSchema-instance" xsi:type="student">
        <id>e7494e15-3674-47ae-9315-ea83e8e5a14f</id>
        <firstName>Иван</firstName>
        <lastName>Жуков</lastName>
        <patronymicName>Иванович</patronymicName>
        <averageMark>0.0</averageMark>
    </list>
    <list xmlns:xsi="http://www.w3.org/2001/XMLSchema-instance" xsi:type="student">
        <id>0b3c06a8-184d-43db-bb8d-51198e908fa8</id>
        <firstName>Николай</firstName>
        <lastName>Зайцев</lastName>
        <patronymicName>Петрович</patronymicName>
        <averageMark>0.0</averageMark>
    </list>
    <list xmlns:xsi="http://www.w3.org/2001/XMLSchema-instance" xsi:type="student">
        <id>47831810-c4f7-44a1-88dc-d9c497e997c3</id>
        <firstName>Александр</firstName>
        <lastName>Зимич</lastName>
        <patronymicName>Иванович</patronymicName>
        <averageMark>0.0</averageMark>
    </list>
    <list xmlns:xsi="http://www.w3.org/2001/XMLSchema-instance" xsi:type="student">
        <id>31e765d5-0ed6-41f3-bd79-f0f50afcffb3</id>
        <firstName>Сергей</firstName>
        <lastName>Иванеев</lastName>
        <patronymicName>Владимирович</patronymicName>
        <averageMark>0.0</averageMark>
    </list>
    <list xmlns:xsi="http://www.w3.org/2001/XMLSchema-instance" xsi:type="student">
        <id>2f5f6340-054e-4c35-9cb9-514f9ad23fea</id>
        <firstName>Константин</firstName>
        <lastName>Иванов</lastName>
        <patronymicName>Владимирович</patronymicName>
        <averageMark>0.0</averageMark>
    </list>
    <list xmlns:xsi="http://www.w3.org/2001/XMLSchema-instance" xsi:type="student">
        <id>a311b323-b2a5-459b-9fce-b47467c86d88</id>
        <firstName>Артур</firstName>
        <lastName>Карабанов</lastName>
        <patronymicName>Леонидович</patronymicName>
        <averageMark>0.0</averageMark>
    </list>
    <list xmlns:xsi="http://www.w3.org/2001/XMLSchema-instance" xsi:type="student">
        <id>37b2049e-9b39-40b8-8b12-f7b7e8ea36d2</id>
        <firstName>Павел</firstName>
        <lastName>Карпан</lastName>
        <patronymicName>Андреевич</patronymicName>
        <averageMark>0.0</averageMark>
    </list>
    <list xmlns:xsi="http://www.w3.org/2001/XMLSchema-instance" xsi:type="student">
        <id>21bda935-4bff-4e96-b571-95d208761258</id>
        <firstName>Сергей</firstName>
        <lastName>Карпович</lastName>
        <patronymicName>Александрович</patronymicName>
        <averageMark>0.0</averageMark>
    </list>
    <list xmlns:xsi="http://www.w3.org/2001/XMLSchema-instance" xsi:type="student">
        <id>b57293ae-76f5-4f20-8418-86207fc6cad6</id>
        <firstName>Марина</firstName>
        <lastName>Карповская</lastName>
        <patronymicName>Викторовна</patronymicName>
        <averageMark>0.0</averageMark>
    </list>
    <list xmlns:xsi="http://www.w3.org/2001/XMLSchema-instance" xsi:type="student">
        <id>be67b8cf-5568-48c7-a93a-abf91078dc12</id>
        <firstName>Максим</firstName>
        <lastName>Каскевич</lastName>
        <patronymicName>Викторович</patronymicName>
        <averageMark>0.0</averageMark>
    </list>
    <list xmlns:xsi="http://www.w3.org/2001/XMLSchema-instance" xsi:type="student">
        <id>49955470-aba6-480e-a7cc-5eb2e47c9f4c</id>
        <firstName>Дмитрий</firstName>
        <lastName>Колин</lastName>
        <patronymicName>Александрович</patronymicName>
        <averageMark>0.0</averageMark>
    </list>
    <list xmlns:xsi="http://www.w3.org/2001/XMLSchema-instance" xsi:type="student">
        <id>87840c9f-f350-46c0-93e6-e5d663b35082</id>
        <firstName>Геннадий</firstName>
        <lastName>Колодич</lastName>
        <patronymicName>Васильевич</patronymicName>
        <averageMark>0.0</averageMark>
    </list>
    <list xmlns:xsi="http://www.w3.org/2001/XMLSchema-instance" xsi:type="student">
        <id>e3adb308-ae12-4a9f-b6a4-1a1dbafafa7e</id>
        <firstName>Дмитрий</firstName>
        <lastName>Комаровский</lastName>
        <patronymicName>Олегович</patronymicName>
        <averageMark>0.0</averageMark>
    </list>
    <list xmlns:xsi="http://www.w3.org/2001/XMLSchema-instance" xsi:type="student">
        <id>cde4a757-9fb8-4149-a9b3-55b9720013d9</id>
        <firstName>Ольга</firstName>
        <lastName>Коминч</lastName>
        <patronymicName>Викторовна</patronymicName>
        <averageMark>0.0</averageMark>
    </list>
    <list xmlns:xsi="http://www.w3.org/2001/XMLSchema-instance" xsi:type="student">
        <id>5fbd74b9-93b7-4ac7-9322-154112bd7b37</id>
        <firstName>Екатерина</firstName>
        <lastName>Короткевич</lastName>
        <patronymicName>Викторовна</patronymicName>
        <averageMark>0.0</averageMark>
    </list>
    <list xmlns:xsi="http://www.w3.org/2001/XMLSchema-instance" xsi:type="student">
        <id>ddc7c273-fd2b-417b-9482-b19d0b044d42</id>
        <firstName>Даниил</firstName>
        <lastName>Кравцов</lastName>
        <patronymicName>Юрьевич</patronymicName>
        <averageMark>0.0</averageMark>
    </list>
    <list xmlns:xsi="http://www.w3.org/2001/XMLSchema-instance" xsi:type="student">
        <id>5752eb18-1774-4d5e-b011-b4083df992bc</id>
        <firstName>Андрей</firstName>
        <lastName>Кремер</lastName>
        <patronymicName>Эдуардович</patronymicName>
        <averageMark>0.0</averageMark>
    </list>
    <list xmlns:xsi="http://www.w3.org/2001/XMLSchema-instance" xsi:type="student">
        <id>af2cffc2-e392-4647-a714-aba1118f15f6</id>
        <firstName>Александр</firstName>
        <lastName>Кунцевич</lastName>
        <patronymicName>Леонидович</patronymicName>
        <averageMark>0.0</averageMark>
    </list>
    <list xmlns:xsi="http://www.w3.org/2001/XMLSchema-instance" xsi:type="student">
        <id>d12f1d73-6396-43e7-a2ef-cee991cccda4</id>
        <firstName>Алексей</firstName>
        <lastName>Лабан</lastName>
        <patronymicName>Тадеушевич</patronymicName>
        <averageMark>0.0</averageMark>
    </list>
    <list xmlns:xsi="http://www.w3.org/2001/XMLSchema-instance" xsi:type="student">
        <id>c10b2ffb-a2b7-4599-8e2b-798aedb963bf</id>
        <firstName>Надежда</firstName>
        <lastName>Лапковская</lastName>
        <patronymicName>Павловна</patronymicName>
        <averageMark>0.0</averageMark>
    </list>
    <list xmlns:xsi="http://www.w3.org/2001/XMLSchema-instance" xsi:type="student">
        <id>71f3a4ef-5117-4c00-90cd-bef6fade4af3</id>
        <firstName>Дмитрий</firstName>
        <lastName>Личко</lastName>
        <patronymicName>Георгиевич</patronymicName>
        <averageMark>0.0</averageMark>
    </list>
    <list xmlns:xsi="http://www.w3.org/2001/XMLSchema-instance" xsi:type="student">
        <id>288b2f6d-e629-4b4d-ab96-bcf3ba5049af</id>
        <firstName>Николай</firstName>
        <lastName>Лукша</lastName>
        <patronymicName>Владимирович</patronymicName>
        <averageMark>0.0</averageMark>
    </list>
    <list xmlns:xsi="http://www.w3.org/2001/XMLSchema-instance" xsi:type="student">
        <id>7588e672-f925-40d6-a80c-bf4a7558356e</id>
        <firstName>Андрей</firstName>
        <lastName>Мазур</lastName>
        <patronymicName>Александрович</patronymicName>
        <averageMark>0.0</averageMark>
    </list>
    <list xmlns:xsi="http://www.w3.org/2001/XMLSchema-instance" xsi:type="student">
        <id>a38e421f-2c59-4c75-aabc-a708580f0e61</id>
        <firstName>Евгений</firstName>
        <lastName>Маргунов</lastName>
        <patronymicName>Александрович</patronymicName>
        <averageMark>0.0</averageMark>
    </list>
    <list xmlns:xsi="http://www.w3.org/2001/XMLSchema-instance" xsi:type="student">
        <id>30b15449-ff52-4459-85e4-2343381ff7de</id>
        <firstName>Дмитрий</firstName>
        <lastName>Матюк</lastName>
        <patronymicName>Владимирович</patronymicName>
        <averageMark>0.0</averageMark>
    </list>
    <list xmlns:xsi="http://www.w3.org/2001/XMLSchema-instance" xsi:type="student">
        <id>4a554e44-ca39-47ee-8fcb-d729dd48027b</id>
        <firstName>Александр</firstName>
        <lastName>Махина</lastName>
        <patronymicName>Иосифович</patronymicName>
        <averageMark>0.0</averageMark>
    </list>
    <list xmlns:xsi="http://www.w3.org/2001/XMLSchema-instance" xsi:type="student">
        <id>68bc01d4-7fc5-40e2-8c3b-37ea4a7a51b5</id>
        <firstName>Анатолий</firstName>
        <lastName>Машуто</lastName>
        <patronymicName>Анатольевич</patronymicName>
        <averageMark>0.0</averageMark>
    </list>
    <list xmlns:xsi="http://www.w3.org/2001/XMLSchema-instance" xsi:type="student">
        <id>e5eca18a-1d3b-4fa2-88d8-925200311dc5</id>
        <firstName>Сергей</firstName>
        <lastName>Маюк</lastName>
        <patronymicName>Анатольевич</patronymicName>
        <averageMark>0.0</averageMark>
    </list>
    <list xmlns:xsi="http://www.w3.org/2001/XMLSchema-instance" xsi:type="student">
        <id>704ce91b-1476-41a7-8beb-7c2183475c0b</id>
        <firstName>Даниил</firstName>
        <lastName>Невдах</lastName>
        <patronymicName>Григорьевич</patronymicName>
        <averageMark>0.0</averageMark>
    </list>
    <list xmlns:xsi="http://www.w3.org/2001/XMLSchema-instance" xsi:type="student">
        <id>c762ead9-dd1a-4b0a-b075-8cb5abc1c401</id>
        <firstName>Алексей</firstName>
        <lastName>Обежисвет</lastName>
        <patronymicName>Игоревич</patronymicName>
        <averageMark>0.0</averageMark>
    </list>
    <list xmlns:xsi="http://www.w3.org/2001/XMLSchema-instance" xsi:type="student">
        <id>e83c46a3-2a8e-470c-b752-b48da91e4f84</id>
        <firstName>Виктор</firstName>
        <lastName>Осипенко</lastName>
        <patronymicName>Алексеевич</patronymicName>
        <averageMark>0.0</averageMark>
    </list>
    <list xmlns:xsi="http://www.w3.org/2001/XMLSchema-instance" xsi:type="student">
        <id>0dffd1a1-cde3-4541-b04f-998ec0fe22d2</id>
        <firstName>Алексей</firstName>
        <lastName>Паркалов</lastName>
        <patronymicName>Викторович</patronymicName>
        <averageMark>0.0</averageMark>
    </list>
    <list xmlns:xsi="http://www.w3.org/2001/XMLSchema-instance" xsi:type="student">
        <id>5c0ac969-3230-4916-aab0-5cb617e09cf6</id>
        <firstName>Андрей</firstName>
        <lastName>Петров</lastName>
        <patronymicName>Юрьевич</patronymicName>
        <averageMark>0.0</averageMark>
    </list>
    <list xmlns:xsi="http://www.w3.org/2001/XMLSchema-instance" xsi:type="student">
        <id>1fa9fca5-863b-4882-8554-09705d2c709e</id>
        <firstName>Полина</firstName>
        <lastName>Попкова</lastName>
        <patronymicName>Леонидовна</patronymicName>
        <averageMark>0.0</averageMark>
    </list>
    <list xmlns:xsi="http://www.w3.org/2001/XMLSchema-instance" xsi:type="student">
        <id>c57dbb83-de71-45ca-b79d-563c95870ad1</id>
        <firstName>Анна</firstName>
        <lastName>Попова</lastName>
        <patronymicName>Александровна</patronymicName>
        <averageMark>0.0</averageMark>
    </list>
    <list xmlns:xsi="http://www.w3.org/2001/XMLSchema-instance" xsi:type="student">
        <id>3032be5d-d526-4f27-bfe3-4b5c970aae5b</id>
        <firstName>Александр</firstName>
        <lastName>Попок</lastName>
        <patronymicName>Сергеевич</patronymicName>
        <averageMark>0.0</averageMark>
    </list>
    <list xmlns:xsi="http://www.w3.org/2001/XMLSchema-instance" xsi:type="student">
        <id>66a528fb-dcdb-40b8-9fcd-e484a2d74282</id>
        <firstName>Ирина</firstName>
        <lastName>Протасович</lastName>
        <patronymicName>Васильевна</patronymicName>
        <averageMark>0.0</averageMark>
    </list>
    <list xmlns:xsi="http://www.w3.org/2001/XMLSchema-instance" xsi:type="student">
        <id>c6ce4f82-d579-4b48-a1d4-0b1cd1f06960</id>
        <firstName>Екатерина</firstName>
        <lastName>Романенко</lastName>
        <patronymicName>Николаевна</patronymicName>
        <averageMark>0.0</averageMark>
    </list>
    <list xmlns:xsi="http://www.w3.org/2001/XMLSchema-instance" xsi:type="student">
        <id>d1fe61bd-3945-4cee-af8b-786e32dfbf0d</id>
        <firstName>Дмитрий</firstName>
        <lastName>Сидорма</lastName>
        <patronymicName>Александрович</patronymicName>
        <averageMark>0.0</averageMark>
    </list>
    <list xmlns:xsi="http://www.w3.org/2001/XMLSchema-instance" xsi:type="student">
        <id>67e62e0b-72b9-41f6-a22a-4c06672fe1d8</id>
        <firstName>Василий</firstName>
        <lastName>Симанёнок</lastName>
        <patronymicName>Иванович</patronymicName>
        <averageMark>0.0</averageMark>
    </list>
    <list xmlns:xsi="http://www.w3.org/2001/XMLSchema-instance" xsi:type="student">
        <id>4ec97aad-ec17-40b0-bb9a-10016c1b887f</id>
        <firstName>Сергей</firstName>
        <lastName>Скварчевский</lastName>
        <patronymicName>Викторович</patronymicName>
        <averageMark>0.0</averageMark>
    </list>
    <list xmlns:xsi="http://www.w3.org/2001/XMLSchema-instance" xsi:type="student">
        <id>ab81311c-5cbe-4e98-a3be-1170366d7445</id>
        <firstName>Денис</firstName>
        <lastName>Сокол</lastName>
        <patronymicName>Александрович</patronymicName>
        <averageMark>0.0</averageMark>
    </list>
    <list xmlns:xsi="http://www.w3.org/2001/XMLSchema-instance" xsi:type="student">
        <id>be837add-8dac-4959-a1a9-677205e39b29</id>
        <firstName>Сергей</firstName>
        <lastName>Сорока</lastName>
        <patronymicName>Иванович</patronymicName>
        <averageMark>0.0</averageMark>
    </list>
    <list xmlns:xsi="http://www.w3.org/2001/XMLSchema-instance" xsi:type="student">
        <id>38639fb0-a53d-47af-bbfb-e504b0af8f8f</id>
        <firstName>Алексей</firstName>
        <lastName>Степанцов</lastName>
        <patronymicName>Александрович</patronymicName>
        <averageMark>0.0</averageMark>
    </list>
    <list xmlns:xsi="http://www.w3.org/2001/XMLSchema-instance" xsi:type="student">
        <id>916013ec-8834-4c99-b42d-62eb39f06544</id>
        <firstName>Андрей</firstName>
        <lastName>Телепнёв</lastName>
        <patronymicName>Сергеевич</patronymicName>
        <averageMark>0.0</averageMark>
    </list>
    <list xmlns:xsi="http://www.w3.org/2001/XMLSchema-instance" xsi:type="student">
        <id>dd12cbcd-b271-441c-8e58-46dfe9445db9</id>
        <firstName>Сергей</firstName>
        <lastName>Типенко</lastName>
        <patronymicName>Юрьевич</patronymicName>
        <averageMark>0.0</averageMark>
    </list>
    <list xmlns:xsi="http://www.w3.org/2001/XMLSchema-instance" xsi:type="student">
        <id>bb329de6-371c-481d-8249-043714b71c33</id>
        <firstName>Виталий</firstName>
        <lastName>Толкачев</lastName>
        <patronymicName>Александрович</patronymicName>
        <averageMark>0.0</averageMark>
    </list>
    <list xmlns:xsi="http://www.w3.org/2001/XMLSchema-instance" xsi:type="student">
        <id>31d5f374-2682-49e1-8f83-74173a32016c</id>
        <firstName>Анастасия</firstName>
        <lastName>Толстик</lastName>
        <patronymicName>Александровна</patronymicName>
        <averageMark>0.0</averageMark>
    </list>
    <list xmlns:xsi="http://www.w3.org/2001/XMLSchema-instance" xsi:type="student">
        <id>151ce250-a1ae-4f21-94cd-5e537e4480ed</id>
        <firstName>Екатерина</firstName>
        <lastName>Троянова</lastName>
        <patronymicName>Константиновна</patronymicName>
        <averageMark>0.0</averageMark>
    </list>
    <list xmlns:xsi="http://www.w3.org/2001/XMLSchema-instance" xsi:type="student">
        <id>dcb79c75-3524-4279-bb3b-eb15afe4faac</id>
        <firstName>Антонина</firstName>
        <lastName>Трутько</lastName>
        <patronymicName>Васильевна</patronymicName>
        <averageMark>0.0</averageMark>
    </list>
    <list xmlns:xsi="http://www.w3.org/2001/XMLSchema-instance" xsi:type="student">
        <id>2b3310de-50f5-49fa-8fe3-bb46768af5a8</id>
        <firstName>Екатерина</firstName>
        <lastName>Тумас</lastName>
        <patronymicName>Дмитриевна</patronymicName>
        <averageMark>0.0</averageMark>
    </list>
    <list xmlns:xsi="http://www.w3.org/2001/XMLSchema-instance" xsi:type="student">
        <id>ace38003-4482-41d8-a652-b33eea923bb9</id>
        <firstName>Максим</firstName>
        <lastName>Усачёв</lastName>
        <patronymicName>Русланович</patronymicName>
        <averageMark>0.0</averageMark>
    </list>
    <list xmlns:xsi="http://www.w3.org/2001/XMLSchema-instance" xsi:type="student">
        <id>c2322527-b564-473d-9039-18e7a043b8da</id>
        <firstName>Евгений</firstName>
        <lastName>Федорук</lastName>
        <patronymicName>Владимирович</patronymicName>
        <averageMark>0.0</averageMark>
    </list>
    <list xmlns:xsi="http://www.w3.org/2001/XMLSchema-instance" xsi:type="student">
        <id>042eae4a-9784-4161-960f-ff7bdecf9e29</id>
        <firstName>Павел</firstName>
        <lastName>Филипенко</lastName>
        <patronymicName>Андреевич</patronymicName>
        <averageMark>0.0</averageMark>
    </list>
    <list xmlns:xsi="http://www.w3.org/2001/XMLSchema-instance" xsi:type="student">
        <id>39d85a29-bf52-46fb-bc30-78a4312872a8</id>
        <firstName>Наталья</firstName>
        <lastName>Харитонюк</lastName>
        <patronymicName>Викторовна</patronymicName>
        <averageMark>0.0</averageMark>
    </list>
    <list xmlns:xsi="http://www.w3.org/2001/XMLSchema-instance" xsi:type="student">
        <id>68726151-ab53-476f-b1d8-c961c1a8face</id>
        <firstName>Алексей</firstName>
        <lastName>Чепелов</lastName>
        <patronymicName>Григорьевич</patronymicName>
        <averageMark>0.0</averageMark>
    </list>
    <list xmlns:xsi="http://www.w3.org/2001/XMLSchema-instance" xsi:type="student">
        <id>88203049-1c93-4b4d-94a5-28cfb1b1f670</id>
        <firstName>Руслан</firstName>
        <lastName>Чуев</lastName>
        <patronymicName>Владимирович</patronymicName>
        <averageMark>0.0</averageMark>
    </list>
    <list xmlns:xsi="http://www.w3.org/2001/XMLSchema-instance" xsi:type="student">
        <id>8d229856-f1f8-4cb9-9a13-ccbcaf0f8f12</id>
        <firstName>Дарья</firstName>
        <lastName>Шавель</lastName>
        <patronymicName>Александровна</patronymicName>
        <averageMark>0.0</averageMark>
    </list>
    <list xmlns:xsi="http://www.w3.org/2001/XMLSchema-instance" xsi:type="student">
        <id>6083e5c2-9da8-4ae1-a2bc-33afd3342180</id>
        <firstName>Василий</firstName>
        <lastName>Шаковец</lastName>
        <patronymicName>Николаевич</patronymicName>
        <averageMark>0.0</averageMark>
    </list>
    <list xmlns:xsi="http://www.w3.org/2001/XMLSchema-instance" xsi:type="student">
        <id>1388dd2e-5e52-47f6-8582-082d4cc4cd65</id>
        <firstName>Евгений</firstName>
        <lastName>Шалёв</lastName>
        <patronymicName>Геннадьевич</patronymicName>
        <averageMark>0.0</averageMark>
    </list>
    <list xmlns:xsi="http://www.w3.org/2001/XMLSchema-instance" xsi:type="student">
        <id>3c4908af-3c8c-4aa2-9c6d-31e6bf8c6014</id>
        <firstName>Мохсен</firstName>
        <lastName>Шахини</lastName>
        <averageMark>0.0</averageMark>
    </list>
    <list xmlns:xsi="http://www.w3.org/2001/XMLSchema-instance" xsi:type="student">
        <id>2c81b564-e064-4f14-8006-a3a6fd981b7d</id>
        <firstName>Иоланта</firstName>
        <lastName>Анисько</lastName>
        <patronymicName>Евгеньевна</patronymicName>
        <averageMark>0.0</averageMark>
    </list>
    <list xmlns:xsi="http://www.w3.org/2001/XMLSchema-instance" xsi:type="student">
        <id>944254ae-c9f3-42cc-ae16-f1e39aa755e6</id>
        <firstName>Андрей</firstName>
        <lastName>Безруков</lastName>
        <patronymicName>Константинович</patronymicName>
        <averageMark>0.0</averageMark>
    </list>
    <list xmlns:xsi="http://www.w3.org/2001/XMLSchema-instance" xsi:type="student">
        <id>e179386a-adfb-4323-88c5-86d595cbbc2c</id>
        <firstName>Вячеслав</firstName>
        <lastName>Бобруйский</lastName>
        <patronymicName>Геннадьевич</patronymicName>
        <ou>43e5d377-0f12-4e0b-a220-701815e7434b</ou>
        <averageMark>0.0</averageMark>
    </list>
    <list xmlns:xsi="http://www.w3.org/2001/XMLSchema-instance" xsi:type="student">
        <id>0dca6b47-29df-41ef-ba5d-b1d8bcdc5463</id>
        <firstName>Антон</firstName>
        <lastName>Боричевский</lastName>
        <patronymicName>Дмитриевич</patronymicName>
        <ou>43e5d377-0f12-4e0b-a220-701815e7434b</ou>
        <averageMark>0.0</averageMark>
    </list>
    <list xmlns:xsi="http://www.w3.org/2001/XMLSchema-instance" xsi:type="student">
        <id>3e0e413b-1c65-4d0a-93d3-830bd5594afe</id>
        <firstName>Анастасия</firstName>
        <lastName>Бурчалова</lastName>
        <patronymicName>Валерьевна</patronymicName>
        <ou>43e5d377-0f12-4e0b-a220-701815e7434b</ou>
        <averageMark>0.0</averageMark>
    </list>
    <list xmlns:xsi="http://www.w3.org/2001/XMLSchema-instance" xsi:type="student">
        <id>60f8bd75-1402-49c1-9e44-24eef1466a69</id>
        <firstName>Алексей</firstName>
        <lastName>Витко</lastName>
        <patronymicName>Александрович</patronymicName>
        <ou>43e5d377-0f12-4e0b-a220-701815e7434b</ou>
        <averageMark>0.0</averageMark>
    </list>
    <list xmlns:xsi="http://www.w3.org/2001/XMLSchema-instance" xsi:type="student">
        <id>df46f14a-54c1-4942-82d8-4f0d298b9ba3</id>
        <firstName>Максим</firstName>
        <lastName>Дайнович</lastName>
        <patronymicName>Юрьевич</patronymicName>
        <ou>43e5d377-0f12-4e0b-a220-701815e7434b</ou>
        <averageMark>0.0</averageMark>
    </list>
    <list xmlns:xsi="http://www.w3.org/2001/XMLSchema-instance" xsi:type="student">
        <id>ca57c7bc-7c4b-4346-9ccb-c57e75abfab1</id>
        <firstName>Владислав</firstName>
        <lastName>Жуковский</lastName>
        <patronymicName>Юрьевич</patronymicName>
        <ou>43e5d377-0f12-4e0b-a220-701815e7434b</ou>
        <averageMark>0.0</averageMark>
    </list>
    <list xmlns:xsi="http://www.w3.org/2001/XMLSchema-instance" xsi:type="student">
        <id>6af8ab18-5ef3-4b8a-9aa6-3ae7d1edc3e5</id>
        <firstName>Александр</firstName>
        <lastName>Козлов</lastName>
        <patronymicName>Валерьевич</patronymicName>
        <ou>43e5d377-0f12-4e0b-a220-701815e7434b</ou>
        <averageMark>0.0</averageMark>
    </list>
    <list xmlns:xsi="http://www.w3.org/2001/XMLSchema-instance" xsi:type="student">
        <id>17c26e82-4e08-44e0-bf73-5f85b6d1c430</id>
        <firstName>Илья</firstName>
        <lastName>Комлев</lastName>
        <patronymicName>Игоревич</patronymicName>
        <ou>43e5d377-0f12-4e0b-a220-701815e7434b</ou>
        <averageMark>0.0</averageMark>
    </list>
    <list xmlns:xsi="http://www.w3.org/2001/XMLSchema-instance" xsi:type="student">
        <id>79b52c92-aa19-471d-98cb-bb016e16c5cf</id>
        <firstName>Дмитрий</firstName>
        <lastName>Кохановский</lastName>
        <patronymicName>Леонидович</patronymicName>
        <ou>43e5d377-0f12-4e0b-a220-701815e7434b</ou>
        <averageMark>0.0</averageMark>
    </list>
    <list xmlns:xsi="http://www.w3.org/2001/XMLSchema-instance" xsi:type="student">
        <id>8203edb1-4f4b-431b-816e-63fec4aacd23</id>
        <firstName>Дмитрий</firstName>
        <lastName>Кривенький</lastName>
        <patronymicName>Сергеевич</patronymicName>
        <ou>43e5d377-0f12-4e0b-a220-701815e7434b</ou>
        <averageMark>0.0</averageMark>
    </list>
    <list xmlns:xsi="http://www.w3.org/2001/XMLSchema-instance" xsi:type="student">
        <id>59f7323b-6320-499b-9389-ede3bfd34868</id>
        <firstName>Владислав</firstName>
        <lastName>Лосев</lastName>
        <patronymicName>Эдуардович</patronymicName>
        <ou>43e5d377-0f12-4e0b-a220-701815e7434b</ou>
        <averageMark>0.0</averageMark>
    </list>
    <list xmlns:xsi="http://www.w3.org/2001/XMLSchema-instance" xsi:type="student">
        <id>cb582375-399a-46eb-a42e-6679afc7893e</id>
        <firstName>Захар</firstName>
        <lastName>Макаревич</lastName>
        <patronymicName>Александрович</patronymicName>
        <ou>43e5d377-0f12-4e0b-a220-701815e7434b</ou>
        <averageMark>0.0</averageMark>
    </list>
    <list xmlns:xsi="http://www.w3.org/2001/XMLSchema-instance" xsi:type="student">
        <id>693c87ec-ca6f-4930-8ea4-69a4913bce29</id>
        <firstName>Владимир</firstName>
        <lastName>Марков</lastName>
        <patronymicName>Валерьевич</patronymicName>
        <ou>43e5d377-0f12-4e0b-a220-701815e7434b</ou>
        <averageMark>0.0</averageMark>
    </list>
    <list xmlns:xsi="http://www.w3.org/2001/XMLSchema-instance" xsi:type="student">
        <id>7fb455f6-2f1b-4c46-bdc4-3cb0069118ac</id>
        <firstName>Максим</firstName>
        <lastName>Пинчук</lastName>
        <patronymicName>Александрович</patronymicName>
        <ou>43e5d377-0f12-4e0b-a220-701815e7434b</ou>
        <averageMark>0.0</averageMark>
    </list>
    <list xmlns:xsi="http://www.w3.org/2001/XMLSchema-instance" xsi:type="student">
        <id>12407356-33b5-4457-88f6-161b09cb9859</id>
        <firstName>Вероника</firstName>
        <lastName>Рыжова</lastName>
        <patronymicName>Владимировна</patronymicName>
        <ou>43e5d377-0f12-4e0b-a220-701815e7434b</ou>
        <averageMark>0.0</averageMark>
    </list>
    <list xmlns:xsi="http://www.w3.org/2001/XMLSchema-instance" xsi:type="student">
        <id>5f7c0c5e-96e4-4e42-bffb-0cce7d2d2486</id>
        <firstName>Сергей</firstName>
        <lastName>Семенкевич</lastName>
        <patronymicName>Сергеевич</patronymicName>
        <ou>43e5d377-0f12-4e0b-a220-701815e7434b</ou>
        <averageMark>0.0</averageMark>
    </list>
    <list xmlns:xsi="http://www.w3.org/2001/XMLSchema-instance" xsi:type="student">
        <id>f890b2c0-8431-45d9-b2fe-f4cb09d925ec</id>
        <firstName>Константин</firstName>
        <lastName>Смоляков</lastName>
        <patronymicName>Юрьевич</patronymicName>
        <ou>43e5d377-0f12-4e0b-a220-701815e7434b</ou>
        <averageMark>0.0</averageMark>
    </list>
    <list xmlns:xsi="http://www.w3.org/2001/XMLSchema-instance" xsi:type="student">
        <id>82df3c97-b96e-4de1-84a7-f701c78bafc2</id>
        <firstName>Алексей</firstName>
        <lastName>Сухарев</lastName>
        <patronymicName>Александрович</patronymicName>
        <ou>43e5d377-0f12-4e0b-a220-701815e7434b</ou>
        <averageMark>0.0</averageMark>
    </list>
    <list xmlns:xsi="http://www.w3.org/2001/XMLSchema-instance" xsi:type="student">
        <id>fd495822-84b2-442a-8b0c-ecc6d5fe4ea5</id>
        <firstName>Кирилл</firstName>
        <lastName>Утенков</lastName>
        <patronymicName>Алексеевич</patronymicName>
        <ou>43e5d377-0f12-4e0b-a220-701815e7434b</ou>
        <averageMark>0.0</averageMark>
    </list>
    <list xmlns:xsi="http://www.w3.org/2001/XMLSchema-instance" xsi:type="student">
        <id>b6baa73b-7ef3-4ed5-b178-f0c65469ad95</id>
        <firstName>Федор</firstName>
        <lastName>Федин</lastName>
        <patronymicName>Сергеевич</patronymicName>
        <ou>43e5d377-0f12-4e0b-a220-701815e7434b</ou>
        <averageMark>0.0</averageMark>
    </list>
    <list xmlns:xsi="http://www.w3.org/2001/XMLSchema-instance" xsi:type="student">
        <id>d83e41e6-6212-4106-9acf-0a60b7224c1f</id>
        <firstName>Максим</firstName>
        <lastName>Чиркун</lastName>
        <patronymicName>Михайлович</patronymicName>
        <ou>43e5d377-0f12-4e0b-a220-701815e7434b</ou>
        <averageMark>0.0</averageMark>
    </list>
    <list xmlns:xsi="http://www.w3.org/2001/XMLSchema-instance" xsi:type="student">
        <id>bd500604-ef9f-4304-a7d4-29103cdf916d</id>
        <firstName>Максим</firstName>
        <lastName>Ширко</lastName>
        <patronymicName>Леонидович</patronymicName>
        <ou>43e5d377-0f12-4e0b-a220-701815e7434b</ou>
        <averageMark>0.0</averageMark>
    </list>
    <list xmlns:xsi="http://www.w3.org/2001/XMLSchema-instance" xsi:type="student">
        <id>ed04858b-e48b-45a1-a108-59b54ba04386</id>
        <firstName>Наталья</firstName>
        <lastName>Шумилова</lastName>
        <patronymicName>Леонидовна</patronymicName>
        <ou>43e5d377-0f12-4e0b-a220-701815e7434b</ou>
        <averageMark>0.0</averageMark>
    </list>
    <student>
        <id>41e89e29-25af-427a-8aba-5a8621c8094a</id>
        <lastName></lastName>
        <averageMark>0.0</averageMark>
    </student>
    <student>
        <id>0bb8403d-4b58-43ce-9d34-0059da1e1c8e</id>
        <lastName></lastName>
        <averageMark>0.0</averageMark>
    </student>
    <student>
        <id>34a29c1b-950a-4251-93df-d500a2c9f58a</id>
        <lastName></lastName>
        <averageMark>0.0</averageMark>
    </student>
    <student>
        <id>291ca187-5d51-48a9-958b-4a318a264637</id>
        <lastName></lastName>
        <averageMark>0.0</averageMark>
    </student>
    <student>
        <id>17327349-863a-4f90-8c2f-9e68d0c62a99</id>
        <lastName></lastName>
        <averageMark>0.0</averageMark>
    </student>
    <student>
        <id>05f56540-e835-4330-bdd2-12767fc64c66</id>
        <firstName>Андрей</firstName>
        <lastName>Бавтрушко</lastName>
        <patronymicName>Михайлович</patronymicName>
        <averageMark>0.0</averageMark>
    </student>
    <student>
        <id>b365fc75-8084-4de3-a9a7-4b9e6af44d9a</id>
        <firstName>Михаил</firstName>
        <lastName>Балейко</lastName>
        <patronymicName>Валерьевич</patronymicName>
        <averageMark>0.0</averageMark>
    </student>
    <student>
        <id>90ef40d0-61d4-4834-9c2e-59f22e180b2d</id>
        <firstName>Михаил</firstName>
        <lastName>Барташевич</lastName>
        <patronymicName>Викторович</patronymicName>
        <averageMark>0.0</averageMark>
    </student>
    <student>
        <id>13ef7e49-4647-4456-92db-5709247e53e8</id>
        <firstName>Алексей</firstName>
        <lastName>Барышнев</lastName>
        <patronymicName>Александрович</patronymicName>
        <averageMark>0.0</averageMark>
    </student>
    <student>
        <id>006cc284-44f4-4bc5-b6a5-86d06d4f6c20</id>
        <firstName>Виталий</firstName>
        <lastName>Башмаков</lastName>
        <patronymicName>Александрович</patronymicName>
        <averageMark>0.0</averageMark>
    </student>
    <student>
        <id>617d675a-753a-4009-8c67-f18693d03d45</id>
        <firstName>Владимир</firstName>
        <lastName>Березкин</lastName>
        <patronymicName>Александрович</patronymicName>
        <averageMark>0.0</averageMark>
    </student>
    <student>
        <id>c1906e2a-3d54-4e46-9e73-6b0ceba8ebb9</id>
        <firstName>Владимир</firstName>
        <lastName>Бобков</lastName>
        <patronymicName>Викторович</patronymicName>
        <averageMark>0.0</averageMark>
    </student>
    <student>
        <id>c6735db9-9062-46b3-b0c7-08a3dc54e78d</id>
        <firstName>Александр</firstName>
        <lastName>Бондарчик</lastName>
        <patronymicName>Александрович</patronymicName>
        <averageMark>0.0</averageMark>
    </student>
    <student>
        <id>6ba1faeb-65ca-446e-8312-92cda19799db</id>
        <firstName>Артём</firstName>
        <lastName>Борисенко</lastName>
        <patronymicName>Юрьевич</patronymicName>
        <averageMark>0.0</averageMark>
    </student>
    <student>
        <id>1529da4e-1777-4423-af5d-85641548e76e</id>
        <firstName>Ольга</firstName>
        <lastName>Гавриленко</lastName>
        <patronymicName>Григорьевна</patronymicName>
        <averageMark>0.0</averageMark>
    </student>
    <student>
        <id>414898d3-4600-49bf-9c14-6a967d6a7f56</id>
        <firstName>Алексей</firstName>
        <lastName>Гарустович</lastName>
        <patronymicName>Александрович</patronymicName>
        <averageMark>0.0</averageMark>
    </student>
    <student>
        <id>1ea474e5-8dab-4927-b5a4-92d0da4588db</id>
        <firstName>Андрей</firstName>
        <lastName>Гетманский</lastName>
        <patronymicName>Александрович</patronymicName>
        <averageMark>0.0</averageMark>
    </student>
    <student>
        <id>84584096-dbe5-4998-966e-42ff43da5cc0</id>
        <firstName>Андрей</firstName>
        <lastName>Глазунов</lastName>
        <patronymicName>Сергеевич</patronymicName>
        <averageMark>0.0</averageMark>
    </student>
    <student>
        <id>731601ff-b0f7-4f7d-845b-d66789f5c29a</id>
        <firstName>Наталья</firstName>
        <lastName>Гракова</lastName>
        <patronymicName>Викторовна</patronymicName>
        <averageMark>0.0</averageMark>
    </student>
    <student>
        <id>f071c9c1-a8af-4bd4-ba14-0b5236cfed5d</id>
        <firstName>Павел</firstName>
        <lastName>Гречишкин</lastName>
        <patronymicName>Александрович</patronymicName>
        <averageMark>0.0</averageMark>
    </student>
    <student>
        <id>1b7fdc33-3c21-4525-9ee4-44a6c361e001</id>
        <firstName>Алексей</firstName>
        <lastName>Демидович</lastName>
        <patronymicName>Валерьевич</patronymicName>
        <averageMark>0.0</averageMark>
    </student>
    <student>
        <id>d739987d-c845-48f5-9866-176d04056ac5</id>
        <firstName>Михаил</firstName>
        <lastName>Демчук</lastName>
        <patronymicName>Александрович</patronymicName>
        <averageMark>0.0</averageMark>
    </student>
    <student>
        <id>8bd5f72f-9060-43fb-8c85-bb114e3100d2</id>
        <firstName>Роман</firstName>
        <lastName>Дуник</lastName>
        <patronymicName>Александрович</patronymicName>
        <averageMark>0.0</averageMark>
    </student>
    <student>
        <id>b981d0d2-6645-4802-9964-2ce93d143c93</id>
        <firstName>Константин</firstName>
        <lastName>Ермолович</lastName>
        <patronymicName>Владимирович</patronymicName>
        <averageMark>0.0</averageMark>
    </student>
    <student>
        <id>516b5487-735b-4acb-bd6f-d823535dc9cb</id>
        <firstName>Алексей</firstName>
        <lastName>Ефименко</lastName>
        <patronymicName>Викторович</patronymicName>
        <averageMark>0.0</averageMark>
    </student>
    <student>
        <id>b37020b4-977b-4798-b9b9-082844d8f74f</id>
        <firstName>Максим</firstName>
        <lastName>Ефимов</lastName>
        <patronymicName>Юрьевич</patronymicName>
        <averageMark>0.0</averageMark>
    </student>
    <student>
        <id>4d2ff99f-fdb9-423d-b5d9-a99d68bb367f</id>
        <firstName>Вячеслав</firstName>
        <lastName>Жадан</lastName>
        <patronymicName>Александрович</patronymicName>
        <averageMark>0.0</averageMark>
    </student>
    <student>
        <id>e7494e15-3674-47ae-9315-ea83e8e5a14f</id>
        <firstName>Иван</firstName>
        <lastName>Жуков</lastName>
        <patronymicName>Иванович</patronymicName>
        <averageMark>0.0</averageMark>
    </student>
    <student>
        <id>0b3c06a8-184d-43db-bb8d-51198e908fa8</id>
        <firstName>Николай</firstName>
        <lastName>Зайцев</lastName>
        <patronymicName>Петрович</patronymicName>
        <averageMark>0.0</averageMark>
    </student>
    <student>
        <id>47831810-c4f7-44a1-88dc-d9c497e997c3</id>
        <firstName>Александр</firstName>
        <lastName>Зимич</lastName>
        <patronymicName>Иванович</patronymicName>
        <averageMark>0.0</averageMark>
    </student>
    <student>
        <id>31e765d5-0ed6-41f3-bd79-f0f50afcffb3</id>
        <firstName>Сергей</firstName>
        <lastName>Иванеев</lastName>
        <patronymicName>Владимирович</patronymicName>
        <averageMark>0.0</averageMark>
    </student>
    <student>
        <id>2f5f6340-054e-4c35-9cb9-514f9ad23fea</id>
        <firstName>Константин</firstName>
        <lastName>Иванов</lastName>
        <patronymicName>Владимирович</patronymicName>
        <averageMark>0.0</averageMark>
    </student>
    <student>
        <id>a311b323-b2a5-459b-9fce-b47467c86d88</id>
        <firstName>Артур</firstName>
        <lastName>Карабанов</lastName>
        <patronymicName>Леонидович</patronymicName>
        <averageMark>0.0</averageMark>
    </student>
    <student>
        <id>37b2049e-9b39-40b8-8b12-f7b7e8ea36d2</id>
        <firstName>Павел</firstName>
        <lastName>Карпан</lastName>
        <patronymicName>Андреевич</patronymicName>
        <averageMark>0.0</averageMark>
    </student>
    <student>
        <id>21bda935-4bff-4e96-b571-95d208761258</id>
        <firstName>Сергей</firstName>
        <lastName>Карпович</lastName>
        <patronymicName>Александрович</patronymicName>
        <averageMark>0.0</averageMark>
    </student>
    <student>
        <id>b57293ae-76f5-4f20-8418-86207fc6cad6</id>
        <firstName>Марина</firstName>
        <lastName>Карповская</lastName>
        <patronymicName>Викторовна</patronymicName>
        <averageMark>0.0</averageMark>
    </student>
    <student>
        <id>be67b8cf-5568-48c7-a93a-abf91078dc12</id>
        <firstName>Максим</firstName>
        <lastName>Каскевич</lastName>
        <patronymicName>Викторович</patronymicName>
        <averageMark>0.0</averageMark>
    </student>
    <student>
        <id>49955470-aba6-480e-a7cc-5eb2e47c9f4c</id>
        <firstName>Дмитрий</firstName>
        <lastName>Колин</lastName>
        <patronymicName>Александрович</patronymicName>
        <averageMark>0.0</averageMark>
    </student>
    <student>
        <id>87840c9f-f350-46c0-93e6-e5d663b35082</id>
        <firstName>Геннадий</firstName>
        <lastName>Колодич</lastName>
        <patronymicName>Васильевич</patronymicName>
        <averageMark>0.0</averageMark>
    </student>
    <student>
        <id>e3adb308-ae12-4a9f-b6a4-1a1dbafafa7e</id>
        <firstName>Дмитрий</firstName>
        <lastName>Комаровский</lastName>
        <patronymicName>Олегович</patronymicName>
        <averageMark>0.0</averageMark>
    </student>
    <student>
        <id>cde4a757-9fb8-4149-a9b3-55b9720013d9</id>
        <firstName>Ольга</firstName>
        <lastName>Коминч</lastName>
        <patronymicName>Викторовна</patronymicName>
        <averageMark>0.0</averageMark>
    </student>
    <student>
        <id>5fbd74b9-93b7-4ac7-9322-154112bd7b37</id>
        <firstName>Екатерина</firstName>
        <lastName>Короткевич</lastName>
        <patronymicName>Викторовна</patronymicName>
        <averageMark>0.0</averageMark>
    </student>
    <student>
        <id>ddc7c273-fd2b-417b-9482-b19d0b044d42</id>
        <firstName>Даниил</firstName>
        <lastName>Кравцов</lastName>
        <patronymicName>Юрьевич</patronymicName>
        <averageMark>0.0</averageMark>
    </student>
    <student>
        <id>5752eb18-1774-4d5e-b011-b4083df992bc</id>
        <firstName>Андрей</firstName>
        <lastName>Кремер</lastName>
        <patronymicName>Эдуардович</patronymicName>
        <averageMark>0.0</averageMark>
    </student>
    <student>
        <id>af2cffc2-e392-4647-a714-aba1118f15f6</id>
        <firstName>Александр</firstName>
        <lastName>Кунцевич</lastName>
        <patronymicName>Леонидович</patronymicName>
        <averageMark>0.0</averageMark>
    </student>
    <student>
        <id>d12f1d73-6396-43e7-a2ef-cee991cccda4</id>
        <firstName>Алексей</firstName>
        <lastName>Лабан</lastName>
        <patronymicName>Тадеушевич</patronymicName>
        <averageMark>0.0</averageMark>
    </student>
    <student>
        <id>c10b2ffb-a2b7-4599-8e2b-798aedb963bf</id>
        <firstName>Надежда</firstName>
        <lastName>Лапковская</lastName>
        <patronymicName>Павловна</patronymicName>
        <averageMark>0.0</averageMark>
    </student>
    <student>
        <id>71f3a4ef-5117-4c00-90cd-bef6fade4af3</id>
        <firstName>Дмитрий</firstName>
        <lastName>Личко</lastName>
        <patronymicName>Георгиевич</patronymicName>
        <averageMark>0.0</averageMark>
    </student>
    <student>
        <id>288b2f6d-e629-4b4d-ab96-bcf3ba5049af</id>
        <firstName>Николай</firstName>
        <lastName>Лукша</lastName>
        <patronymicName>Владимирович</patronymicName>
        <averageMark>0.0</averageMark>
    </student>
    <student>
        <id>7588e672-f925-40d6-a80c-bf4a7558356e</id>
        <firstName>Андрей</firstName>
        <lastName>Мазур</lastName>
        <patronymicName>Александрович</patronymicName>
        <averageMark>0.0</averageMark>
    </student>
    <student>
        <id>a38e421f-2c59-4c75-aabc-a708580f0e61</id>
        <firstName>Евгений</firstName>
        <lastName>Маргунов</lastName>
        <patronymicName>Александрович</patronymicName>
        <averageMark>0.0</averageMark>
    </student>
    <student>
        <id>30b15449-ff52-4459-85e4-2343381ff7de</id>
        <firstName>Дмитрий</firstName>
        <lastName>Матюк</lastName>
        <patronymicName>Владимирович</patronymicName>
        <averageMark>0.0</averageMark>
    </student>
    <student>
        <id>4a554e44-ca39-47ee-8fcb-d729dd48027b</id>
        <firstName>Александр</firstName>
        <lastName>Махина</lastName>
        <patronymicName>Иосифович</patronymicName>
        <averageMark>0.0</averageMark>
    </student>
    <student>
        <id>68bc01d4-7fc5-40e2-8c3b-37ea4a7a51b5</id>
        <firstName>Анатолий</firstName>
        <lastName>Машуто</lastName>
        <patronymicName>Анатольевич</patronymicName>
        <averageMark>0.0</averageMark>
    </student>
    <student>
        <id>e5eca18a-1d3b-4fa2-88d8-925200311dc5</id>
        <firstName>Сергей</firstName>
        <lastName>Маюк</lastName>
        <patronymicName>Анатольевич</patronymicName>
        <averageMark>0.0</averageMark>
    </student>
    <student>
        <id>704ce91b-1476-41a7-8beb-7c2183475c0b</id>
        <firstName>Даниил</firstName>
        <lastName>Невдах</lastName>
        <patronymicName>Григорьевич</patronymicName>
        <averageMark>0.0</averageMark>
    </student>
    <student>
        <id>c762ead9-dd1a-4b0a-b075-8cb5abc1c401</id>
        <firstName>Алексей</firstName>
        <lastName>Обежисвет</lastName>
        <patronymicName>Игоревич</patronymicName>
        <averageMark>0.0</averageMark>
    </student>
    <student>
        <id>e83c46a3-2a8e-470c-b752-b48da91e4f84</id>
        <firstName>Виктор</firstName>
        <lastName>Осипенко</lastName>
        <patronymicName>Алексеевич</patronymicName>
        <averageMark>0.0</averageMark>
    </student>
    <student>
        <id>0dffd1a1-cde3-4541-b04f-998ec0fe22d2</id>
        <firstName>Алексей</firstName>
        <lastName>Паркалов</lastName>
        <patronymicName>Викторович</patronymicName>
        <averageMark>0.0</averageMark>
    </student>
    <student>
        <id>5c0ac969-3230-4916-aab0-5cb617e09cf6</id>
        <firstName>Андрей</firstName>
        <lastName>Петров</lastName>
        <patronymicName>Юрьевич</patronymicName>
        <averageMark>0.0</averageMark>
    </student>
    <student>
        <id>1fa9fca5-863b-4882-8554-09705d2c709e</id>
        <firstName>Полина</firstName>
        <lastName>Попкова</lastName>
        <patronymicName>Леонидовна</patronymicName>
        <averageMark>0.0</averageMark>
    </student>
    <student>
        <id>c57dbb83-de71-45ca-b79d-563c95870ad1</id>
        <firstName>Анна</firstName>
        <lastName>Попова</lastName>
        <patronymicName>Александровна</patronymicName>
        <averageMark>0.0</averageMark>
    </student>
    <student>
        <id>3032be5d-d526-4f27-bfe3-4b5c970aae5b</id>
        <firstName>Александр</firstName>
        <lastName>Попок</lastName>
        <patronymicName>Сергеевич</patronymicName>
        <averageMark>0.0</averageMark>
    </student>
    <student>
        <id>66a528fb-dcdb-40b8-9fcd-e484a2d74282</id>
        <firstName>Ирина</firstName>
        <lastName>Протасович</lastName>
        <patronymicName>Васильевна</patronymicName>
        <averageMark>0.0</averageMark>
    </student>
    <student>
        <id>c6ce4f82-d579-4b48-a1d4-0b1cd1f06960</id>
        <firstName>Екатерина</firstName>
        <lastName>Романенко</lastName>
        <patronymicName>Николаевна</patronymicName>
        <averageMark>0.0</averageMark>
    </student>
    <student>
        <id>d1fe61bd-3945-4cee-af8b-786e32dfbf0d</id>
        <firstName>Дмитрий</firstName>
        <lastName>Сидорма</lastName>
        <patronymicName>Александрович</patronymicName>
        <averageMark>0.0</averageMark>
    </student>
    <student>
        <id>67e62e0b-72b9-41f6-a22a-4c06672fe1d8</id>
        <firstName>Василий</firstName>
        <lastName>Симанёнок</lastName>
        <patronymicName>Иванович</patronymicName>
        <averageMark>0.0</averageMark>
    </student>
    <student>
        <id>4ec97aad-ec17-40b0-bb9a-10016c1b887f</id>
        <firstName>Сергей</firstName>
        <lastName>Скварчевский</lastName>
        <patronymicName>Викторович</patronymicName>
        <averageMark>0.0</averageMark>
    </student>
    <student>
        <id>ab81311c-5cbe-4e98-a3be-1170366d7445</id>
        <firstName>Денис</firstName>
        <lastName>Сокол</lastName>
        <patronymicName>Александрович</patronymicName>
        <averageMark>0.0</averageMark>
    </student>
    <student>
        <id>be837add-8dac-4959-a1a9-677205e39b29</id>
        <firstName>Сергей</firstName>
        <lastName>Сорока</lastName>
        <patronymicName>Иванович</patronymicName>
        <averageMark>0.0</averageMark>
    </student>
    <student>
        <id>38639fb0-a53d-47af-bbfb-e504b0af8f8f</id>
        <firstName>Алексей</firstName>
        <lastName>Степанцов</lastName>
        <patronymicName>Александрович</patronymicName>
        <averageMark>0.0</averageMark>
    </student>
    <student>
        <id>916013ec-8834-4c99-b42d-62eb39f06544</id>
        <firstName>Андрей</firstName>
        <lastName>Телепнёв</lastName>
        <patronymicName>Сергеевич</patronymicName>
        <averageMark>0.0</averageMark>
    </student>
    <student>
        <id>dd12cbcd-b271-441c-8e58-46dfe9445db9</id>
        <firstName>Сергей</firstName>
        <lastName>Типенко</lastName>
        <patronymicName>Юрьевич</patronymicName>
        <averageMark>0.0</averageMark>
    </student>
    <student>
        <id>bb329de6-371c-481d-8249-043714b71c33</id>
        <firstName>Виталий</firstName>
        <lastName>Толкачев</lastName>
        <patronymicName>Александрович</patronymicName>
        <averageMark>0.0</averageMark>
    </student>
    <student>
        <id>31d5f374-2682-49e1-8f83-74173a32016c</id>
        <firstName>Анастасия</firstName>
        <lastName>Толстик</lastName>
        <patronymicName>Александровна</patronymicName>
        <averageMark>0.0</averageMark>
    </student>
    <student>
        <id>151ce250-a1ae-4f21-94cd-5e537e4480ed</id>
        <firstName>Екатерина</firstName>
        <lastName>Троянова</lastName>
        <patronymicName>Константиновна</patronymicName>
        <averageMark>0.0</averageMark>
    </student>
    <student>
        <id>dcb79c75-3524-4279-bb3b-eb15afe4faac</id>
        <firstName>Антонина</firstName>
        <lastName>Трутько</lastName>
        <patronymicName>Васильевна</patronymicName>
        <averageMark>0.0</averageMark>
    </student>
    <student>
        <id>2b3310de-50f5-49fa-8fe3-bb46768af5a8</id>
        <firstName>Екатерина</firstName>
        <lastName>Тумас</lastName>
        <patronymicName>Дмитриевна</patronymicName>
        <averageMark>0.0</averageMark>
    </student>
    <student>
        <id>ace38003-4482-41d8-a652-b33eea923bb9</id>
        <firstName>Максим</firstName>
        <lastName>Усачёв</lastName>
        <patronymicName>Русланович</patronymicName>
        <averageMark>0.0</averageMark>
    </student>
    <student>
        <id>c2322527-b564-473d-9039-18e7a043b8da</id>
        <firstName>Евгений</firstName>
        <lastName>Федорук</lastName>
        <patronymicName>Владимирович</patronymicName>
        <averageMark>0.0</averageMark>
    </student>
    <student>
        <id>042eae4a-9784-4161-960f-ff7bdecf9e29</id>
        <firstName>Павел</firstName>
        <lastName>Филипенко</lastName>
        <patronymicName>Андреевич</patronymicName>
        <averageMark>0.0</averageMark>
    </student>
    <student>
        <id>39d85a29-bf52-46fb-bc30-78a4312872a8</id>
        <firstName>Наталья</firstName>
        <lastName>Харитонюк</lastName>
        <patronymicName>Викторовна</patronymicName>
        <averageMark>0.0</averageMark>
    </student>
    <student>
        <id>68726151-ab53-476f-b1d8-c961c1a8face</id>
        <firstName>Алексей</firstName>
        <lastName>Чепелов</lastName>
        <patronymicName>Григорьевич</patronymicName>
        <averageMark>0.0</averageMark>
    </student>
    <student>
        <id>88203049-1c93-4b4d-94a5-28cfb1b1f670</id>
        <firstName>Руслан</firstName>
        <lastName>Чуев</lastName>
        <patronymicName>Владимирович</patronymicName>
        <averageMark>0.0</averageMark>
    </student>
    <student>
        <id>8d229856-f1f8-4cb9-9a13-ccbcaf0f8f12</id>
        <firstName>Дарья</firstName>
        <lastName>Шавель</lastName>
        <patronymicName>Александровна</patronymicName>
        <averageMark>0.0</averageMark>
    </student>
    <student>
        <id>6083e5c2-9da8-4ae1-a2bc-33afd3342180</id>
        <firstName>Василий</firstName>
        <lastName>Шаковец</lastName>
        <patronymicName>Николаевич</patronymicName>
        <averageMark>0.0</averageMark>
    </student>
    <student>
        <id>1388dd2e-5e52-47f6-8582-082d4cc4cd65</id>
        <firstName>Евгений</firstName>
        <lastName>Шалёв</lastName>
        <patronymicName>Геннадьевич</patronymicName>
        <averageMark>0.0</averageMark>
    </student>
    <student>
        <id>3c4908af-3c8c-4aa2-9c6d-31e6bf8c6014</id>
        <firstName>Мохсен</firstName>
        <lastName>Шахини</lastName>
        <averageMark>0.0</averageMark>
    </student>
    <student>
        <id>2c81b564-e064-4f14-8006-a3a6fd981b7d</id>
        <firstName>Иоланта</firstName>
        <lastName>Анисько</lastName>
        <patronymicName>Евгеньевна</patronymicName>
        <averageMark>0.0</averageMark>
    </student>
    <student>
        <id>944254ae-c9f3-42cc-ae16-f1e39aa755e6</id>
        <firstName>Андрей</firstName>
        <lastName>Безруков</lastName>
        <patronymicName>Константинович</patronymicName>
        <averageMark>0.0</averageMark>
    </student>
    <student>
        <id>e179386a-adfb-4323-88c5-86d595cbbc2c</id>
        <firstName>Вячеслав</firstName>
        <lastName>Бобруйский</lastName>
        <patronymicName>Геннадьевич</patronymicName>
        <ou>43e5d377-0f12-4e0b-a220-701815e7434b</ou>
        <averageMark>0.0</averageMark>
    </student>
    <student>
        <id>0dca6b47-29df-41ef-ba5d-b1d8bcdc5463</id>
        <firstName>Антон</firstName>
        <lastName>Боричевский</lastName>
        <patronymicName>Дмитриевич</patronymicName>
        <ou>43e5d377-0f12-4e0b-a220-701815e7434b</ou>
        <averageMark>0.0</averageMark>
    </student>
    <student>
        <id>3e0e413b-1c65-4d0a-93d3-830bd5594afe</id>
        <firstName>Анастасия</firstName>
        <lastName>Бурчалова</lastName>
        <patronymicName>Валерьевна</patronymicName>
        <ou>43e5d377-0f12-4e0b-a220-701815e7434b</ou>
        <averageMark>0.0</averageMark>
    </student>
    <student>
        <id>60f8bd75-1402-49c1-9e44-24eef1466a69</id>
        <firstName>Алексей</firstName>
        <lastName>Витко</lastName>
        <patronymicName>Александрович</patronymicName>
        <ou>43e5d377-0f12-4e0b-a220-701815e7434b</ou>
        <averageMark>0.0</averageMark>
    </student>
    <student>
        <id>df46f14a-54c1-4942-82d8-4f0d298b9ba3</id>
        <firstName>Максим</firstName>
        <lastName>Дайнович</lastName>
        <patronymicName>Юрьевич</patronymicName>
        <ou>43e5d377-0f12-4e0b-a220-701815e7434b</ou>
        <averageMark>0.0</averageMark>
    </student>
    <student>
        <id>ca57c7bc-7c4b-4346-9ccb-c57e75abfab1</id>
        <firstName>Владислав</firstName>
        <lastName>Жуковский</lastName>
        <patronymicName>Юрьевич</patronymicName>
        <ou>43e5d377-0f12-4e0b-a220-701815e7434b</ou>
        <averageMark>0.0</averageMark>
    </student>
    <student>
        <id>6af8ab18-5ef3-4b8a-9aa6-3ae7d1edc3e5</id>
        <firstName>Александр</firstName>
        <lastName>Козлов</lastName>
        <patronymicName>Валерьевич</patronymicName>
        <ou>43e5d377-0f12-4e0b-a220-701815e7434b</ou>
        <averageMark>0.0</averageMark>
    </student>
    <student>
        <id>17c26e82-4e08-44e0-bf73-5f85b6d1c430</id>
        <firstName>Илья</firstName>
        <lastName>Комлев</lastName>
        <patronymicName>Игоревич</patronymicName>
        <ou>43e5d377-0f12-4e0b-a220-701815e7434b</ou>
        <averageMark>0.0</averageMark>
    </student>
    <student>
        <id>79b52c92-aa19-471d-98cb-bb016e16c5cf</id>
        <firstName>Дмитрий</firstName>
        <lastName>Кохановский</lastName>
        <patronymicName>Леонидович</patronymicName>
        <ou>43e5d377-0f12-4e0b-a220-701815e7434b</ou>
        <averageMark>0.0</averageMark>
    </student>
    <student>
        <id>8203edb1-4f4b-431b-816e-63fec4aacd23</id>
        <firstName>Дмитрий</firstName>
        <lastName>Кривенький</lastName>
        <patronymicName>Сергеевич</patronymicName>
        <ou>43e5d377-0f12-4e0b-a220-701815e7434b</ou>
        <averageMark>0.0</averageMark>
    </student>
    <student>
        <id>59f7323b-6320-499b-9389-ede3bfd34868</id>
        <firstName>Владислав</firstName>
        <lastName>Лосев</lastName>
        <patronymicName>Эдуардович</patronymicName>
        <ou>43e5d377-0f12-4e0b-a220-701815e7434b</ou>
        <averageMark>0.0</averageMark>
    </student>
    <student>
        <id>cb582375-399a-46eb-a42e-6679afc7893e</id>
        <firstName>Захар</firstName>
        <lastName>Макаревич</lastName>
        <patronymicName>Александрович</patronymicName>
        <ou>43e5d377-0f12-4e0b-a220-701815e7434b</ou>
        <averageMark>0.0</averageMark>
    </student>
    <student>
        <id>693c87ec-ca6f-4930-8ea4-69a4913bce29</id>
        <firstName>Владимир</firstName>
        <lastName>Марков</lastName>
        <patronymicName>Валерьевич</patronymicName>
        <ou>43e5d377-0f12-4e0b-a220-701815e7434b</ou>
        <averageMark>0.0</averageMark>
    </student>
    <student>
        <id>7fb455f6-2f1b-4c46-bdc4-3cb0069118ac</id>
        <firstName>Максим</firstName>
        <lastName>Пинчук</lastName>
        <patronymicName>Александрович</patronymicName>
        <ou>43e5d377-0f12-4e0b-a220-701815e7434b</ou>
        <averageMark>0.0</averageMark>
    </student>
    <student>
        <id>12407356-33b5-4457-88f6-161b09cb9859</id>
        <firstName>Вероника</firstName>
        <lastName>Рыжова</lastName>
        <patronymicName>Владимировна</patronymicName>
        <ou>43e5d377-0f12-4e0b-a220-701815e7434b</ou>
        <averageMark>0.0</averageMark>
    </student>
    <student>
        <id>5f7c0c5e-96e4-4e42-bffb-0cce7d2d2486</id>
        <firstName>Сергей</firstName>
        <lastName>Семенкевич</lastName>
        <patronymicName>Сергеевич</patronymicName>
        <ou>43e5d377-0f12-4e0b-a220-701815e7434b</ou>
        <averageMark>0.0</averageMark>
    </student>
    <student>
        <id>f890b2c0-8431-45d9-b2fe-f4cb09d925ec</id>
        <firstName>Константин</firstName>
        <lastName>Смоляков</lastName>
        <patronymicName>Юрьевич</patronymicName>
        <ou>43e5d377-0f12-4e0b-a220-701815e7434b</ou>
        <averageMark>0.0</averageMark>
    </student>
    <student>
        <id>82df3c97-b96e-4de1-84a7-f701c78bafc2</id>
        <firstName>Алексей</firstName>
        <lastName>Сухарев</lastName>
        <patronymicName>Александрович</patronymicName>
        <ou>43e5d377-0f12-4e0b-a220-701815e7434b</ou>
        <averageMark>0.0</averageMark>
    </student>
    <student>
        <id>fd495822-84b2-442a-8b0c-ecc6d5fe4ea5</id>
        <firstName>Кирилл</firstName>
        <lastName>Утенков</lastName>
        <patronymicName>Алексеевич</patronymicName>
        <ou>43e5d377-0f12-4e0b-a220-701815e7434b</ou>
        <averageMark>0.0</averageMark>
    </student>
    <student>
        <id>b6baa73b-7ef3-4ed5-b178-f0c65469ad95</id>
        <firstName>Федор</firstName>
        <lastName>Федин</lastName>
        <patronymicName>Сергеевич</patronymicName>
        <ou>43e5d377-0f12-4e0b-a220-701815e7434b</ou>
        <averageMark>0.0</averageMark>
    </student>
    <student>
        <id>d83e41e6-6212-4106-9acf-0a60b7224c1f</id>
        <firstName>Максим</firstName>
        <lastName>Чиркун</lastName>
        <patronymicName>Михайлович</patronymicName>
        <ou>43e5d377-0f12-4e0b-a220-701815e7434b</ou>
        <averageMark>0.0</averageMark>
    </student>
    <student>
        <id>bd500604-ef9f-4304-a7d4-29103cdf916d</id>
        <firstName>Максим</firstName>
        <lastName>Ширко</lastName>
        <patronymicName>Леонидович</patronymicName>
        <ou>43e5d377-0f12-4e0b-a220-701815e7434b</ou>
        <averageMark>0.0</averageMark>
    </student>
    <student>
        <id>ed04858b-e48b-45a1-a108-59b54ba04386</id>
        <firstName>Наталья</firstName>
        <lastName>Шумилова</lastName>
        <patronymicName>Леонидовна</patronymicName>
        <ou>43e5d377-0f12-4e0b-a220-701815e7434b</ou>
        <averageMark>0.0</averageMark>
    </student>
</studentList>
