<?xml version="1.0" encoding="UTF-8" standalone="yes"?>
<ouList>
    <list xmlns:xsi="http://www.w3.org/2001/XMLSchema-instance" xsi:type="organizationUnit">
        <id>b2e7a400-8e6f-4fe0-8151-5485cf470003</id>
        <name>801701</name>
        <type>GROUP</type>
    </list>
    <list xmlns:xsi="http://www.w3.org/2001/XMLSchema-instance" xsi:type="organizationUnit">
        <id>bb1a55e4-7822-4e3f-880f-429a826326e1</id>
        <name>801703</name>
        <type>GROUP</type>
    </list>
    <list xmlns:xsi="http://www.w3.org/2001/XMLSchema-instance" xsi:type="organizationUnit">
        <id>46eb60ca-1460-404d-ad63-8d1873783f99</id>
        <name>801702</name>
        <type>GROUP</type>
    </list>
    <list xmlns:xsi="http://www.w3.org/2001/XMLSchema-instance" xsi:type="organizationUnit">
        <id>121aa2cc-c6de-4a6e-a3ac-02321ef98cc8</id>
        <name>000000</name>
        <type>FACUlTY</type>
        <departamentType>DO</departamentType>
    </list>
    <ou>
        <id>b2e7a400-8e6f-4fe0-8151-5485cf470003</id>
        <name>801701</name>
        <type>GROUP</type>
    </ou>
    <ou>
        <id>bb1a55e4-7822-4e3f-880f-429a826326e1</id>
        <name>801703</name>
        <type>GROUP</type>
    </ou>
    <ou>
        <id>46eb60ca-1460-404d-ad63-8d1873783f99</id>
        <name>801702</name>
        <type>GROUP</type>
    </ou>
    <ou>
        <id>121aa2cc-c6de-4a6e-a3ac-02321ef98cc8</id>
        <name>000000</name>
        <type>FACUlTY</type>
        <departamentType>DO</departamentType>
    </ou>
</ouList>
