<?xml version="1.0" encoding="UTF-8" standalone="yes"?>
<studentList>
    <list xmlns:xsi="http://www.w3.org/2001/XMLSchema-instance" xsi:type="student">
        <id>8f58862a-ab08-4343-a0ed-d2d5fd9d2bea</id>
        <firstName>Максим</firstName>
        <lastName>Бозбей</lastName>
        <patronymicName>Сергеевич</patronymicName>
        <ou>b2e7a400-8e6f-4fe0-8151-5485cf470003</ou>
        <averageMark>0.0</averageMark>
    </list>
    <list xmlns:xsi="http://www.w3.org/2001/XMLSchema-instance" xsi:type="student">
        <id>51e6c3fc-1157-4258-b0f7-3b970ad4bb5b</id>
        <firstName>Марина</firstName>
        <lastName>Булова</lastName>
        <patronymicName>Игоревна</patronymicName>
        <ou>b2e7a400-8e6f-4fe0-8151-5485cf470003</ou>
        <averageMark>0.0</averageMark>
    </list>
    <list xmlns:xsi="http://www.w3.org/2001/XMLSchema-instance" xsi:type="student">
        <id>160503d3-090e-4ab3-a103-769c6e13366d</id>
        <firstName>Игорь</firstName>
        <lastName>Галаньков</lastName>
        <patronymicName>Сергеевич</patronymicName>
        <ou>b2e7a400-8e6f-4fe0-8151-5485cf470003</ou>
        <averageMark>0.0</averageMark>
    </list>
    <list xmlns:xsi="http://www.w3.org/2001/XMLSchema-instance" xsi:type="student">
        <id>4adf7168-4735-4adc-822b-96d4b491ab27</id>
        <firstName>Сергей</firstName>
        <lastName>Гомон</lastName>
        <patronymicName>Владимирович</patronymicName>
        <ou>b2e7a400-8e6f-4fe0-8151-5485cf470003</ou>
        <averageMark>0.0</averageMark>
    </list>
    <list xmlns:xsi="http://www.w3.org/2001/XMLSchema-instance" xsi:type="student">
        <id>16ed2778-b3d4-4c9c-9b3b-d35ad8e69626</id>
        <firstName>Евгений</firstName>
        <lastName>Захарич</lastName>
        <patronymicName>Михайлович</patronymicName>
        <ou>b2e7a400-8e6f-4fe0-8151-5485cf470003</ou>
        <averageMark>0.0</averageMark>
    </list>
    <list xmlns:xsi="http://www.w3.org/2001/XMLSchema-instance" xsi:type="student">
        <id>18946752-3c74-40c3-a585-5b581f383de3</id>
        <firstName>Павел</firstName>
        <lastName>Зорин</lastName>
        <patronymicName>Андреевич</patronymicName>
        <ou>b2e7a400-8e6f-4fe0-8151-5485cf470003</ou>
        <averageMark>0.0</averageMark>
    </list>
    <list xmlns:xsi="http://www.w3.org/2001/XMLSchema-instance" xsi:type="student">
        <id>eb5e993d-dd4d-4e56-bb1e-b63b7c85922b</id>
        <firstName>Николай</firstName>
        <lastName>Иванов</lastName>
        <patronymicName>Петрович</patronymicName>
        <ou>b2e7a400-8e6f-4fe0-8151-5485cf470003</ou>
        <averageMark>0.0</averageMark>
    </list>
    <list xmlns:xsi="http://www.w3.org/2001/XMLSchema-instance" xsi:type="student">
        <id>97a09743-961f-4e3a-ba82-5b438b6a17bf</id>
        <firstName>Артем</firstName>
        <lastName>Лапицкий</lastName>
        <patronymicName>Васильевич</patronymicName>
        <ou>b2e7a400-8e6f-4fe0-8151-5485cf470003</ou>
        <averageMark>0.0</averageMark>
    </list>
    <list xmlns:xsi="http://www.w3.org/2001/XMLSchema-instance" xsi:type="student">
        <id>1d0d993c-188d-4a7d-baad-bb591a6374a2</id>
        <firstName>Вера</firstName>
        <lastName>Матюшенок</lastName>
        <patronymicName>Валерьевна</patronymicName>
        <ou>b2e7a400-8e6f-4fe0-8151-5485cf470003</ou>
        <averageMark>0.0</averageMark>
    </list>
    <list xmlns:xsi="http://www.w3.org/2001/XMLSchema-instance" xsi:type="student">
        <id>bc2326a3-7f40-4f7e-bd92-6dc6361f49b4</id>
        <firstName>Егор</firstName>
        <lastName>Михневич</lastName>
        <patronymicName>Дмитриевич</patronymicName>
        <ou>b2e7a400-8e6f-4fe0-8151-5485cf470003</ou>
        <averageMark>0.0</averageMark>
    </list>
    <list xmlns:xsi="http://www.w3.org/2001/XMLSchema-instance" xsi:type="student">
        <id>d169d703-5a95-4957-8516-81a9e7b07553</id>
        <firstName>Александр</firstName>
        <lastName>Одинец</lastName>
        <patronymicName>Сергеевич</patronymicName>
        <ou>b2e7a400-8e6f-4fe0-8151-5485cf470003</ou>
        <averageMark>0.0</averageMark>
    </list>
    <list xmlns:xsi="http://www.w3.org/2001/XMLSchema-instance" xsi:type="student">
        <id>cc182228-7747-435f-93ac-e1c5e578c1e3</id>
        <firstName>Юрий</firstName>
        <lastName>Омельченко</lastName>
        <patronymicName>Михайлович</patronymicName>
        <ou>b2e7a400-8e6f-4fe0-8151-5485cf470003</ou>
        <averageMark>0.0</averageMark>
    </list>
    <list xmlns:xsi="http://www.w3.org/2001/XMLSchema-instance" xsi:type="student">
        <id>5de3eb7f-bab1-4a04-982f-7815b39f6a4f</id>
        <firstName>Евгений</firstName>
        <lastName>Плисковский</lastName>
        <patronymicName>Геннадьевич</patronymicName>
        <ou>b2e7a400-8e6f-4fe0-8151-5485cf470003</ou>
        <averageMark>0.0</averageMark>
    </list>
    <list xmlns:xsi="http://www.w3.org/2001/XMLSchema-instance" xsi:type="student">
        <id>9b1c3b6d-e179-4ed7-be9f-1849a559dbd2</id>
        <firstName>Алексей</firstName>
        <lastName>Полканов</lastName>
        <patronymicName>Юрьевич</patronymicName>
        <ou>b2e7a400-8e6f-4fe0-8151-5485cf470003</ou>
        <averageMark>0.0</averageMark>
    </list>
    <list xmlns:xsi="http://www.w3.org/2001/XMLSchema-instance" xsi:type="student">
        <id>70fada81-b5a6-40cd-9b15-0d5b3021dea1</id>
        <firstName>Денис</firstName>
        <lastName>Помозов</lastName>
        <patronymicName>Олегович</patronymicName>
        <ou>b2e7a400-8e6f-4fe0-8151-5485cf470003</ou>
        <averageMark>0.0</averageMark>
    </list>
    <list xmlns:xsi="http://www.w3.org/2001/XMLSchema-instance" xsi:type="student">
        <id>a3bc3304-a812-43fb-b87e-ebd3c910814f</id>
        <firstName>Роман</firstName>
        <lastName>Романенков</lastName>
        <patronymicName>Вячеславович</patronymicName>
        <ou>b2e7a400-8e6f-4fe0-8151-5485cf470003</ou>
        <averageMark>0.0</averageMark>
    </list>
    <list xmlns:xsi="http://www.w3.org/2001/XMLSchema-instance" xsi:type="student">
        <id>d9389cdd-fb69-4a45-b974-c80d7fa036c2</id>
        <firstName>Константин</firstName>
        <lastName>Савонь</lastName>
        <patronymicName>Олегович</patronymicName>
        <ou>b2e7a400-8e6f-4fe0-8151-5485cf470003</ou>
        <averageMark>0.0</averageMark>
    </list>
    <list xmlns:xsi="http://www.w3.org/2001/XMLSchema-instance" xsi:type="student">
        <id>5d6bc80b-5b0e-4107-95ba-e07e23758c29</id>
        <firstName>Евгений</firstName>
        <lastName>Талокин</lastName>
        <patronymicName>Владимирович</patronymicName>
        <ou>b2e7a400-8e6f-4fe0-8151-5485cf470003</ou>
        <averageMark>0.0</averageMark>
    </list>
    <list xmlns:xsi="http://www.w3.org/2001/XMLSchema-instance" xsi:type="student">
        <id>73c7b7b3-b9c8-413b-8d4a-ef4dc666ecc9</id>
        <firstName>Павел</firstName>
        <lastName>Титенков</lastName>
        <patronymicName>Валерьевич</patronymicName>
        <ou>b2e7a400-8e6f-4fe0-8151-5485cf470003</ou>
        <averageMark>0.0</averageMark>
    </list>
    <list xmlns:xsi="http://www.w3.org/2001/XMLSchema-instance" xsi:type="student">
        <id>89071a50-aaf9-4ba4-8230-f1a09073c9c7</id>
        <firstName>Виктор</firstName>
        <lastName>Хомич</lastName>
        <patronymicName>Васильевич</patronymicName>
        <ou>b2e7a400-8e6f-4fe0-8151-5485cf470003</ou>
        <averageMark>0.0</averageMark>
    </list>
    <list xmlns:xsi="http://www.w3.org/2001/XMLSchema-instance" xsi:type="student">
        <id>76da8ea2-2cfa-4b91-bdcd-80e35f180e52</id>
        <firstName>Денис</firstName>
        <lastName>Чуянов</lastName>
        <patronymicName>Вадимович</patronymicName>
        <ou>b2e7a400-8e6f-4fe0-8151-5485cf470003</ou>
        <averageMark>0.0</averageMark>
    </list>
    <list xmlns:xsi="http://www.w3.org/2001/XMLSchema-instance" xsi:type="student">
        <id>16a79e79-aa0d-44bb-bb99-ff2d9c1fc203</id>
        <firstName>Дмитрий</firstName>
        <lastName>Шемерей</lastName>
        <patronymicName>Александрович</patronymicName>
        <ou>b2e7a400-8e6f-4fe0-8151-5485cf470003</ou>
        <averageMark>0.0</averageMark>
    </list>
    <list xmlns:xsi="http://www.w3.org/2001/XMLSchema-instance" xsi:type="student">
        <id>513caa85-d3e4-4c8e-8fbe-ebb6d900fb8d</id>
        <firstName>Максим</firstName>
        <lastName>Шилов</lastName>
        <patronymicName>Сергеевич</patronymicName>
        <ou>b2e7a400-8e6f-4fe0-8151-5485cf470003</ou>
        <averageMark>0.0</averageMark>
    </list>
    <list xmlns:xsi="http://www.w3.org/2001/XMLSchema-instance" xsi:type="student">
        <id>c4e7b0c5-bf45-44a2-b87b-7b47763bf6c1</id>
        <firstName>Вадим</firstName>
        <lastName>Бобр</lastName>
        <patronymicName>Андреевич</patronymicName>
        <ou>bb1a55e4-7822-4e3f-880f-429a826326e1</ou>
        <averageMark>0.0</averageMark>
    </list>
    <list xmlns:xsi="http://www.w3.org/2001/XMLSchema-instance" xsi:type="student">
        <id>84b27ed3-423d-406b-97a6-a6e7f5e09dc5</id>
        <firstName>Андрей</firstName>
        <lastName>Войтов</lastName>
        <patronymicName>Борисович</patronymicName>
        <ou>bb1a55e4-7822-4e3f-880f-429a826326e1</ou>
        <averageMark>0.0</averageMark>
    </list>
    <list xmlns:xsi="http://www.w3.org/2001/XMLSchema-instance" xsi:type="student">
        <id>68d72de4-07d7-4e67-8dbf-d557e4fab0e6</id>
        <firstName>Павел</firstName>
        <lastName>Волейко</lastName>
        <patronymicName>Валерьевич</patronymicName>
        <ou>bb1a55e4-7822-4e3f-880f-429a826326e1</ou>
        <averageMark>0.0</averageMark>
    </list>
    <list xmlns:xsi="http://www.w3.org/2001/XMLSchema-instance" xsi:type="student">
        <id>6afe68d9-2d3b-4cb6-9ce4-b1c0e69fb3fc</id>
        <firstName>Денис</firstName>
        <lastName>Коледа</lastName>
        <patronymicName>Викентьевич</patronymicName>
        <ou>bb1a55e4-7822-4e3f-880f-429a826326e1</ou>
        <averageMark>0.0</averageMark>
    </list>
    <list xmlns:xsi="http://www.w3.org/2001/XMLSchema-instance" xsi:type="student">
        <id>f31f7720-38de-4834-a94c-a60c59a29fc2</id>
        <firstName>Сергей</firstName>
        <lastName>Крачковский</lastName>
        <patronymicName>Сергеевич</patronymicName>
        <ou>bb1a55e4-7822-4e3f-880f-429a826326e1</ou>
        <averageMark>0.0</averageMark>
    </list>
    <list xmlns:xsi="http://www.w3.org/2001/XMLSchema-instance" xsi:type="student">
        <id>e95bc0fb-70db-4ca8-af8e-e30b0d9e6e68</id>
        <firstName>Дмитрий</firstName>
        <lastName>Нечипуренко</lastName>
        <patronymicName>Игоревич</patronymicName>
        <ou>bb1a55e4-7822-4e3f-880f-429a826326e1</ou>
        <averageMark>0.0</averageMark>
    </list>
    <list xmlns:xsi="http://www.w3.org/2001/XMLSchema-instance" xsi:type="student">
        <id>e6c3c499-43d3-48c2-822d-2df365f1ed21</id>
        <firstName>Кирилл</firstName>
        <lastName>Русецкий</lastName>
        <patronymicName>Валерьевич</patronymicName>
        <ou>bb1a55e4-7822-4e3f-880f-429a826326e1</ou>
        <averageMark>0.0</averageMark>
    </list>
    <list xmlns:xsi="http://www.w3.org/2001/XMLSchema-instance" xsi:type="student">
        <id>d220baa8-7381-449a-96fa-8ff9d03839d7</id>
        <firstName>Антон</firstName>
        <lastName>Самсонов</lastName>
        <patronymicName>Юрьевич</patronymicName>
        <ou>bb1a55e4-7822-4e3f-880f-429a826326e1</ou>
        <averageMark>0.0</averageMark>
    </list>
    <list xmlns:xsi="http://www.w3.org/2001/XMLSchema-instance" xsi:type="student">
        <id>4c125a97-120e-44fe-9211-71be0d88babd</id>
        <firstName>Игнат</firstName>
        <lastName>Сачивко</lastName>
        <patronymicName>Александрович</patronymicName>
        <ou>bb1a55e4-7822-4e3f-880f-429a826326e1</ou>
        <averageMark>0.0</averageMark>
    </list>
    <list xmlns:xsi="http://www.w3.org/2001/XMLSchema-instance" xsi:type="student">
        <id>b26c8634-6b57-4ed6-8213-fe0408980ddc</id>
        <firstName>Екатерина</firstName>
        <lastName>Скиба</lastName>
        <patronymicName>Викторовна</patronymicName>
        <ou>bb1a55e4-7822-4e3f-880f-429a826326e1</ou>
        <averageMark>0.0</averageMark>
    </list>
    <list xmlns:xsi="http://www.w3.org/2001/XMLSchema-instance" xsi:type="student">
        <id>49fcb42f-5b58-4b31-b5fd-bcb833b3e05a</id>
        <firstName>Евгений</firstName>
        <lastName>Скорляков</lastName>
        <patronymicName>Владимирович</patronymicName>
        <ou>bb1a55e4-7822-4e3f-880f-429a826326e1</ou>
        <averageMark>0.0</averageMark>
    </list>
    <list xmlns:xsi="http://www.w3.org/2001/XMLSchema-instance" xsi:type="student">
        <id>30317b60-dcbf-431b-8313-b45abd9ed2ba</id>
        <firstName>Ирина</firstName>
        <lastName>Снигурова</lastName>
        <patronymicName>Валерьевна</patronymicName>
        <ou>bb1a55e4-7822-4e3f-880f-429a826326e1</ou>
        <averageMark>0.0</averageMark>
    </list>
    <list xmlns:xsi="http://www.w3.org/2001/XMLSchema-instance" xsi:type="student">
        <id>67ca64af-3907-4c2f-8bd3-ed7792d72cdd</id>
        <firstName>Артем</firstName>
        <lastName>Судиловский</lastName>
        <patronymicName>Владимирович</patronymicName>
        <ou>bb1a55e4-7822-4e3f-880f-429a826326e1</ou>
        <averageMark>0.0</averageMark>
    </list>
    <list xmlns:xsi="http://www.w3.org/2001/XMLSchema-instance" xsi:type="student">
        <id>295e220e-52b9-4f40-8778-d65bc56ea09d</id>
        <firstName>Герман</firstName>
        <lastName>Чухрай</lastName>
        <patronymicName>Витальевич</patronymicName>
        <ou>bb1a55e4-7822-4e3f-880f-429a826326e1</ou>
        <averageMark>0.0</averageMark>
    </list>
    <list xmlns:xsi="http://www.w3.org/2001/XMLSchema-instance" xsi:type="student">
        <id>9aa6b20d-2bff-4e94-ac6b-d990d199cc24</id>
        <firstName>Олег</firstName>
        <lastName>Бабашко</lastName>
        <patronymicName>Викторович</patronymicName>
        <ou>46eb60ca-1460-404d-ad63-8d1873783f99</ou>
        <averageMark>0.0</averageMark>
    </list>
    <list xmlns:xsi="http://www.w3.org/2001/XMLSchema-instance" xsi:type="student">
        <id>8c269c3d-3412-46df-b42f-9b871d838e5d</id>
        <firstName>Полина</firstName>
        <lastName>Бальцевич</lastName>
        <patronymicName>Геннадьевна</patronymicName>
        <ou>46eb60ca-1460-404d-ad63-8d1873783f99</ou>
        <averageMark>0.0</averageMark>
    </list>
    <list xmlns:xsi="http://www.w3.org/2001/XMLSchema-instance" xsi:type="student">
        <id>a2d06d9a-4ee1-4748-bc88-8d2e44704a31</id>
        <firstName>Юрий</firstName>
        <lastName>Бойко</lastName>
        <patronymicName>Александрович</patronymicName>
        <ou>46eb60ca-1460-404d-ad63-8d1873783f99</ou>
        <averageMark>0.0</averageMark>
    </list>
    <list xmlns:xsi="http://www.w3.org/2001/XMLSchema-instance" xsi:type="student">
        <id>56b5d46f-d0c5-4e1a-b602-9220b9ecaeb7</id>
        <firstName>Александр</firstName>
        <lastName>Булыга</lastName>
        <patronymicName>Анатольевич</patronymicName>
        <ou>46eb60ca-1460-404d-ad63-8d1873783f99</ou>
        <averageMark>0.0</averageMark>
    </list>
    <list xmlns:xsi="http://www.w3.org/2001/XMLSchema-instance" xsi:type="student">
        <id>645c7a0d-f908-445b-817c-b54f3debab16</id>
        <firstName>Павел</firstName>
        <lastName>Горбач</lastName>
        <patronymicName>Сергеевич</patronymicName>
        <ou>46eb60ca-1460-404d-ad63-8d1873783f99</ou>
        <averageMark>0.0</averageMark>
    </list>
    <list xmlns:xsi="http://www.w3.org/2001/XMLSchema-instance" xsi:type="student">
        <id>8f2f143c-0b8b-49d0-a90a-9bcc88847fbc</id>
        <firstName>Евгений</firstName>
        <lastName>Дедович</lastName>
        <patronymicName>Игоревич</patronymicName>
        <ou>46eb60ca-1460-404d-ad63-8d1873783f99</ou>
        <averageMark>0.0</averageMark>
    </list>
    <list xmlns:xsi="http://www.w3.org/2001/XMLSchema-instance" xsi:type="student">
        <id>2d75dac4-f40c-4abb-9868-d3fa47e8afe1</id>
        <firstName>Александр</firstName>
        <lastName>Дешкевич</lastName>
        <patronymicName>Олегович</patronymicName>
        <ou>46eb60ca-1460-404d-ad63-8d1873783f99</ou>
        <averageMark>0.0</averageMark>
    </list>
    <list xmlns:xsi="http://www.w3.org/2001/XMLSchema-instance" xsi:type="student">
        <id>806c81bc-4c52-4102-bb90-3b26962283d6</id>
        <firstName>Сергей</firstName>
        <lastName>Дудаль</lastName>
        <patronymicName>Викторович</patronymicName>
        <ou>46eb60ca-1460-404d-ad63-8d1873783f99</ou>
        <averageMark>0.0</averageMark>
    </list>
    <list xmlns:xsi="http://www.w3.org/2001/XMLSchema-instance" xsi:type="student">
        <id>9ddf77a2-4d0c-4cef-832a-744ba614c152</id>
        <firstName>Павел</firstName>
        <lastName>Заводцов</lastName>
        <patronymicName>Николаевич</patronymicName>
        <ou>46eb60ca-1460-404d-ad63-8d1873783f99</ou>
        <averageMark>0.0</averageMark>
    </list>
    <list xmlns:xsi="http://www.w3.org/2001/XMLSchema-instance" xsi:type="student">
        <id>d962d9e9-0a4e-46a2-9b11-caded89474f1</id>
        <firstName>Александр</firstName>
        <lastName>Зельчан</lastName>
        <patronymicName>Андреевич</patronymicName>
        <ou>46eb60ca-1460-404d-ad63-8d1873783f99</ou>
        <averageMark>0.0</averageMark>
    </list>
    <list xmlns:xsi="http://www.w3.org/2001/XMLSchema-instance" xsi:type="student">
        <id>cd328e29-7689-4b52-82ab-c29fa4b0d09a</id>
        <firstName>Дмитрий</firstName>
        <lastName>Кутафин</lastName>
        <patronymicName>Николаевич</patronymicName>
        <ou>46eb60ca-1460-404d-ad63-8d1873783f99</ou>
        <averageMark>0.0</averageMark>
    </list>
    <list xmlns:xsi="http://www.w3.org/2001/XMLSchema-instance" xsi:type="student">
        <id>7e1e39a5-7557-434d-b8df-3d790a380da5</id>
        <firstName>Павел</firstName>
        <lastName>Леонов</lastName>
        <patronymicName>Николаевич</patronymicName>
        <ou>46eb60ca-1460-404d-ad63-8d1873783f99</ou>
        <averageMark>0.0</averageMark>
    </list>
    <list xmlns:xsi="http://www.w3.org/2001/XMLSchema-instance" xsi:type="student">
        <id>2d0c3bd1-ed01-4fcd-ab23-1b221aa1b2c2</id>
        <firstName>Руслан</firstName>
        <lastName>Мажейко</lastName>
        <patronymicName>Сергеевич</patronymicName>
        <ou>46eb60ca-1460-404d-ad63-8d1873783f99</ou>
        <averageMark>0.0</averageMark>
    </list>
    <list xmlns:xsi="http://www.w3.org/2001/XMLSchema-instance" xsi:type="student">
        <id>a00f9f7e-b11d-444b-b101-919368abd868</id>
        <firstName>Алесь</firstName>
        <lastName>Михалевич</lastName>
        <patronymicName>Валерьевич</patronymicName>
        <ou>46eb60ca-1460-404d-ad63-8d1873783f99</ou>
        <averageMark>0.0</averageMark>
    </list>
    <list xmlns:xsi="http://www.w3.org/2001/XMLSchema-instance" xsi:type="student">
        <id>c680082a-c174-429c-a253-abc9cd12f09f</id>
        <firstName>Алексей</firstName>
        <lastName>Невский</lastName>
        <patronymicName>Александрович</patronymicName>
        <ou>46eb60ca-1460-404d-ad63-8d1873783f99</ou>
        <averageMark>0.0</averageMark>
    </list>
    <list xmlns:xsi="http://www.w3.org/2001/XMLSchema-instance" xsi:type="student">
        <id>c977a108-ab96-4dcf-8e7f-539472deb608</id>
        <firstName>Анна</firstName>
        <lastName>Парадник</lastName>
        <patronymicName>Владимировна</patronymicName>
        <ou>46eb60ca-1460-404d-ad63-8d1873783f99</ou>
        <averageMark>0.0</averageMark>
    </list>
    <list xmlns:xsi="http://www.w3.org/2001/XMLSchema-instance" xsi:type="student">
        <id>6bd8fcc6-4210-409f-9750-b163eeb80e46</id>
        <firstName>Алексей</firstName>
        <lastName>Рыжих</lastName>
        <patronymicName>Владимирович</patronymicName>
        <ou>46eb60ca-1460-404d-ad63-8d1873783f99</ou>
        <averageMark>0.0</averageMark>
    </list>
    <list xmlns:xsi="http://www.w3.org/2001/XMLSchema-instance" xsi:type="student">
        <id>72492a6d-d1e5-49cb-aaab-6bdee9eeed61</id>
        <firstName>Павел</firstName>
        <lastName>Тришенков</lastName>
        <patronymicName>Александрович</patronymicName>
        <ou>46eb60ca-1460-404d-ad63-8d1873783f99</ou>
        <averageMark>0.0</averageMark>
    </list>
    <list xmlns:xsi="http://www.w3.org/2001/XMLSchema-instance" xsi:type="student">
        <id>433e9908-9267-4cd2-bd1e-47512775fb27</id>
        <firstName>Виктор</firstName>
        <lastName>Урядов</lastName>
        <patronymicName>Владимирович</patronymicName>
        <ou>46eb60ca-1460-404d-ad63-8d1873783f99</ou>
        <averageMark>0.0</averageMark>
    </list>
    <list xmlns:xsi="http://www.w3.org/2001/XMLSchema-instance" xsi:type="student">
        <id>031cd3cd-ac4b-4a65-80cc-86193c9d6b6b</id>
        <firstName>Михаил</firstName>
        <lastName>Хлуд</lastName>
        <patronymicName>Алексеевич</patronymicName>
        <ou>46eb60ca-1460-404d-ad63-8d1873783f99</ou>
        <averageMark>0.0</averageMark>
    </list>
    <list xmlns:xsi="http://www.w3.org/2001/XMLSchema-instance" xsi:type="student">
        <id>800054ab-1b8b-4574-a6c8-79022c62cf8b</id>
        <firstName>Николай</firstName>
        <lastName>Цыганков</lastName>
        <patronymicName>Владимирович</patronymicName>
        <ou>46eb60ca-1460-404d-ad63-8d1873783f99</ou>
        <averageMark>0.0</averageMark>
    </list>
    <list xmlns:xsi="http://www.w3.org/2001/XMLSchema-instance" xsi:type="student">
        <id>4a5b4f47-06de-4fb9-8bb7-ce7b690ed431</id>
        <firstName>Илья</firstName>
        <lastName>Чемердовский</lastName>
        <patronymicName>Сергеевич</patronymicName>
        <ou>46eb60ca-1460-404d-ad63-8d1873783f99</ou>
        <averageMark>0.0</averageMark>
    </list>
    <list xmlns:xsi="http://www.w3.org/2001/XMLSchema-instance" xsi:type="student">
        <id>b8366367-72b0-4d83-8cf3-f76b0d541ffe</id>
        <firstName>Артем</firstName>
        <lastName>Чеховский</lastName>
        <patronymicName>Юрьевич</patronymicName>
        <ou>46eb60ca-1460-404d-ad63-8d1873783f99</ou>
        <averageMark>0.0</averageMark>
    </list>
    <list xmlns:xsi="http://www.w3.org/2001/XMLSchema-instance" xsi:type="student">
        <id>758df6af-9e60-4f94-9c44-abdb8963e819</id>
        <firstName>Кирилл</firstName>
        <lastName>Чужов</lastName>
        <patronymicName>Сергеевич</patronymicName>
        <ou>46eb60ca-1460-404d-ad63-8d1873783f99</ou>
        <averageMark>0.0</averageMark>
    </list>
    <list xmlns:xsi="http://www.w3.org/2001/XMLSchema-instance" xsi:type="student">
        <id>8bd4da12-31eb-44de-bd5c-8484cd861fdb</id>
        <firstName>Андрей</firstName>
        <lastName>Шиленок</lastName>
        <patronymicName>Александрович</patronymicName>
        <ou>46eb60ca-1460-404d-ad63-8d1873783f99</ou>
        <averageMark>0.0</averageMark>
    </list>
    <list xmlns:xsi="http://www.w3.org/2001/XMLSchema-instance" xsi:type="student">
        <id>063ec29e-671f-4f23-b70c-587cc673e74e</id>
        <firstName>Олег</firstName>
        <lastName>Борисов</lastName>
        <patronymicName>Борисович</patronymicName>
        <ou>121aa2cc-c6de-4a6e-a3ac-02321ef98cc8</ou>
        <budget>false</budget>
        <averageMark>0.0</averageMark>
    </list>
    <list xmlns:xsi="http://www.w3.org/2001/XMLSchema-instance" xsi:type="student">
        <id>b0d7c5c7-36c3-4e65-8396-7df05b1f3347</id>
        <firstName>Михаил</firstName>
        <lastName>Корнейчик</lastName>
        <patronymicName>Александрович</patronymicName>
        <ou>121aa2cc-c6de-4a6e-a3ac-02321ef98cc8</ou>
        <budget>false</budget>
        <averageMark>0.0</averageMark>
    </list>
    <list xmlns:xsi="http://www.w3.org/2001/XMLSchema-instance" xsi:type="student">
        <id>707fee34-ff3a-407a-9a94-363fcf01ee5d</id>
        <lastName>hjfgjfgjfj</lastName>
        <ou>1d280b3a-fcff-4ffa-a140-ee86f6d02663</ou>
        <budget>false</budget>
        <averageMark>0.0</averageMark>
    </list>
    <student>
        <id>8f58862a-ab08-4343-a0ed-d2d5fd9d2bea</id>
        <firstName>Максим</firstName>
        <lastName>Бозбей</lastName>
        <patronymicName>Сергеевич</patronymicName>
        <ou>b2e7a400-8e6f-4fe0-8151-5485cf470003</ou>
        <averageMark>0.0</averageMark>
    </student>
    <student>
        <id>51e6c3fc-1157-4258-b0f7-3b970ad4bb5b</id>
        <firstName>Марина</firstName>
        <lastName>Булова</lastName>
        <patronymicName>Игоревна</patronymicName>
        <ou>b2e7a400-8e6f-4fe0-8151-5485cf470003</ou>
        <averageMark>0.0</averageMark>
    </student>
    <student>
        <id>160503d3-090e-4ab3-a103-769c6e13366d</id>
        <firstName>Игорь</firstName>
        <lastName>Галаньков</lastName>
        <patronymicName>Сергеевич</patronymicName>
        <ou>b2e7a400-8e6f-4fe0-8151-5485cf470003</ou>
        <averageMark>0.0</averageMark>
    </student>
    <student>
        <id>4adf7168-4735-4adc-822b-96d4b491ab27</id>
        <firstName>Сергей</firstName>
        <lastName>Гомон</lastName>
        <patronymicName>Владимирович</patronymicName>
        <ou>b2e7a400-8e6f-4fe0-8151-5485cf470003</ou>
        <averageMark>0.0</averageMark>
    </student>
    <student>
        <id>16ed2778-b3d4-4c9c-9b3b-d35ad8e69626</id>
        <firstName>Евгений</firstName>
        <lastName>Захарич</lastName>
        <patronymicName>Михайлович</patronymicName>
        <ou>b2e7a400-8e6f-4fe0-8151-5485cf470003</ou>
        <averageMark>0.0</averageMark>
    </student>
    <student>
        <id>18946752-3c74-40c3-a585-5b581f383de3</id>
        <firstName>Павел</firstName>
        <lastName>Зорин</lastName>
        <patronymicName>Андреевич</patronymicName>
        <ou>b2e7a400-8e6f-4fe0-8151-5485cf470003</ou>
        <averageMark>0.0</averageMark>
    </student>
    <student>
        <id>eb5e993d-dd4d-4e56-bb1e-b63b7c85922b</id>
        <firstName>Николай</firstName>
        <lastName>Иванов</lastName>
        <patronymicName>Петрович</patronymicName>
        <ou>b2e7a400-8e6f-4fe0-8151-5485cf470003</ou>
        <averageMark>0.0</averageMark>
    </student>
    <student>
        <id>97a09743-961f-4e3a-ba82-5b438b6a17bf</id>
        <firstName>Артем</firstName>
        <lastName>Лапицкий</lastName>
        <patronymicName>Васильевич</patronymicName>
        <ou>b2e7a400-8e6f-4fe0-8151-5485cf470003</ou>
        <averageMark>0.0</averageMark>
    </student>
    <student>
        <id>1d0d993c-188d-4a7d-baad-bb591a6374a2</id>
        <firstName>Вера</firstName>
        <lastName>Матюшенок</lastName>
        <patronymicName>Валерьевна</patronymicName>
        <ou>b2e7a400-8e6f-4fe0-8151-5485cf470003</ou>
        <averageMark>0.0</averageMark>
    </student>
    <student>
        <id>bc2326a3-7f40-4f7e-bd92-6dc6361f49b4</id>
        <firstName>Егор</firstName>
        <lastName>Михневич</lastName>
        <patronymicName>Дмитриевич</patronymicName>
        <ou>b2e7a400-8e6f-4fe0-8151-5485cf470003</ou>
        <averageMark>0.0</averageMark>
    </student>
    <student>
        <id>d169d703-5a95-4957-8516-81a9e7b07553</id>
        <firstName>Александр</firstName>
        <lastName>Одинец</lastName>
        <patronymicName>Сергеевич</patronymicName>
        <ou>b2e7a400-8e6f-4fe0-8151-5485cf470003</ou>
        <averageMark>0.0</averageMark>
    </student>
    <student>
        <id>cc182228-7747-435f-93ac-e1c5e578c1e3</id>
        <firstName>Юрий</firstName>
        <lastName>Омельченко</lastName>
        <patronymicName>Михайлович</patronymicName>
        <ou>b2e7a400-8e6f-4fe0-8151-5485cf470003</ou>
        <averageMark>0.0</averageMark>
    </student>
    <student>
        <id>5de3eb7f-bab1-4a04-982f-7815b39f6a4f</id>
        <firstName>Евгений</firstName>
        <lastName>Плисковский</lastName>
        <patronymicName>Геннадьевич</patronymicName>
        <ou>b2e7a400-8e6f-4fe0-8151-5485cf470003</ou>
        <averageMark>0.0</averageMark>
    </student>
    <student>
        <id>9b1c3b6d-e179-4ed7-be9f-1849a559dbd2</id>
        <firstName>Алексей</firstName>
        <lastName>Полканов</lastName>
        <patronymicName>Юрьевич</patronymicName>
        <ou>b2e7a400-8e6f-4fe0-8151-5485cf470003</ou>
        <averageMark>0.0</averageMark>
    </student>
    <student>
        <id>70fada81-b5a6-40cd-9b15-0d5b3021dea1</id>
        <firstName>Денис</firstName>
        <lastName>Помозов</lastName>
        <patronymicName>Олегович</patronymicName>
        <ou>b2e7a400-8e6f-4fe0-8151-5485cf470003</ou>
        <averageMark>0.0</averageMark>
    </student>
    <student>
        <id>a3bc3304-a812-43fb-b87e-ebd3c910814f</id>
        <firstName>Роман</firstName>
        <lastName>Романенков</lastName>
        <patronymicName>Вячеславович</patronymicName>
        <ou>b2e7a400-8e6f-4fe0-8151-5485cf470003</ou>
        <averageMark>0.0</averageMark>
    </student>
    <student>
        <id>d9389cdd-fb69-4a45-b974-c80d7fa036c2</id>
        <firstName>Константин</firstName>
        <lastName>Савонь</lastName>
        <patronymicName>Олегович</patronymicName>
        <ou>b2e7a400-8e6f-4fe0-8151-5485cf470003</ou>
        <averageMark>0.0</averageMark>
    </student>
    <student>
        <id>5d6bc80b-5b0e-4107-95ba-e07e23758c29</id>
        <firstName>Евгений</firstName>
        <lastName>Талокин</lastName>
        <patronymicName>Владимирович</patronymicName>
        <ou>b2e7a400-8e6f-4fe0-8151-5485cf470003</ou>
        <averageMark>0.0</averageMark>
    </student>
    <student>
        <id>73c7b7b3-b9c8-413b-8d4a-ef4dc666ecc9</id>
        <firstName>Павел</firstName>
        <lastName>Титенков</lastName>
        <patronymicName>Валерьевич</patronymicName>
        <ou>b2e7a400-8e6f-4fe0-8151-5485cf470003</ou>
        <averageMark>0.0</averageMark>
    </student>
    <student>
        <id>89071a50-aaf9-4ba4-8230-f1a09073c9c7</id>
        <firstName>Виктор</firstName>
        <lastName>Хомич</lastName>
        <patronymicName>Васильевич</patronymicName>
        <ou>b2e7a400-8e6f-4fe0-8151-5485cf470003</ou>
        <averageMark>0.0</averageMark>
    </student>
    <student>
        <id>76da8ea2-2cfa-4b91-bdcd-80e35f180e52</id>
        <firstName>Денис</firstName>
        <lastName>Чуянов</lastName>
        <patronymicName>Вадимович</patronymicName>
        <ou>b2e7a400-8e6f-4fe0-8151-5485cf470003</ou>
        <averageMark>0.0</averageMark>
    </student>
    <student>
        <id>16a79e79-aa0d-44bb-bb99-ff2d9c1fc203</id>
        <firstName>Дмитрий</firstName>
        <lastName>Шемерей</lastName>
        <patronymicName>Александрович</patronymicName>
        <ou>b2e7a400-8e6f-4fe0-8151-5485cf470003</ou>
        <averageMark>0.0</averageMark>
    </student>
    <student>
        <id>513caa85-d3e4-4c8e-8fbe-ebb6d900fb8d</id>
        <firstName>Максим</firstName>
        <lastName>Шилов</lastName>
        <patronymicName>Сергеевич</patronymicName>
        <ou>b2e7a400-8e6f-4fe0-8151-5485cf470003</ou>
        <averageMark>0.0</averageMark>
    </student>
    <student>
        <id>c4e7b0c5-bf45-44a2-b87b-7b47763bf6c1</id>
        <firstName>Вадим</firstName>
        <lastName>Бобр</lastName>
        <patronymicName>Андреевич</patronymicName>
        <ou>bb1a55e4-7822-4e3f-880f-429a826326e1</ou>
        <averageMark>0.0</averageMark>
    </student>
    <student>
        <id>84b27ed3-423d-406b-97a6-a6e7f5e09dc5</id>
        <firstName>Андрей</firstName>
        <lastName>Войтов</lastName>
        <patronymicName>Борисович</patronymicName>
        <ou>bb1a55e4-7822-4e3f-880f-429a826326e1</ou>
        <averageMark>0.0</averageMark>
    </student>
    <student>
        <id>68d72de4-07d7-4e67-8dbf-d557e4fab0e6</id>
        <firstName>Павел</firstName>
        <lastName>Волейко</lastName>
        <patronymicName>Валерьевич</patronymicName>
        <ou>bb1a55e4-7822-4e3f-880f-429a826326e1</ou>
        <averageMark>0.0</averageMark>
    </student>
    <student>
        <id>6afe68d9-2d3b-4cb6-9ce4-b1c0e69fb3fc</id>
        <firstName>Денис</firstName>
        <lastName>Коледа</lastName>
        <patronymicName>Викентьевич</patronymicName>
        <ou>bb1a55e4-7822-4e3f-880f-429a826326e1</ou>
        <averageMark>0.0</averageMark>
    </student>
    <student>
        <id>f31f7720-38de-4834-a94c-a60c59a29fc2</id>
        <firstName>Сергей</firstName>
        <lastName>Крачковский</lastName>
        <patronymicName>Сергеевич</patronymicName>
        <ou>bb1a55e4-7822-4e3f-880f-429a826326e1</ou>
        <averageMark>0.0</averageMark>
    </student>
    <student>
        <id>e95bc0fb-70db-4ca8-af8e-e30b0d9e6e68</id>
        <firstName>Дмитрий</firstName>
        <lastName>Нечипуренко</lastName>
        <patronymicName>Игоревич</patronymicName>
        <ou>bb1a55e4-7822-4e3f-880f-429a826326e1</ou>
        <averageMark>0.0</averageMark>
    </student>
    <student>
        <id>e6c3c499-43d3-48c2-822d-2df365f1ed21</id>
        <firstName>Кирилл</firstName>
        <lastName>Русецкий</lastName>
        <patronymicName>Валерьевич</patronymicName>
        <ou>bb1a55e4-7822-4e3f-880f-429a826326e1</ou>
        <averageMark>0.0</averageMark>
    </student>
    <student>
        <id>d220baa8-7381-449a-96fa-8ff9d03839d7</id>
        <firstName>Антон</firstName>
        <lastName>Самсонов</lastName>
        <patronymicName>Юрьевич</patronymicName>
        <ou>bb1a55e4-7822-4e3f-880f-429a826326e1</ou>
        <averageMark>0.0</averageMark>
    </student>
    <student>
        <id>4c125a97-120e-44fe-9211-71be0d88babd</id>
        <firstName>Игнат</firstName>
        <lastName>Сачивко</lastName>
        <patronymicName>Александрович</patronymicName>
        <ou>bb1a55e4-7822-4e3f-880f-429a826326e1</ou>
        <averageMark>0.0</averageMark>
    </student>
    <student>
        <id>b26c8634-6b57-4ed6-8213-fe0408980ddc</id>
        <firstName>Екатерина</firstName>
        <lastName>Скиба</lastName>
        <patronymicName>Викторовна</patronymicName>
        <ou>bb1a55e4-7822-4e3f-880f-429a826326e1</ou>
        <averageMark>0.0</averageMark>
    </student>
    <student>
        <id>49fcb42f-5b58-4b31-b5fd-bcb833b3e05a</id>
        <firstName>Евгений</firstName>
        <lastName>Скорляков</lastName>
        <patronymicName>Владимирович</patronymicName>
        <ou>bb1a55e4-7822-4e3f-880f-429a826326e1</ou>
        <averageMark>0.0</averageMark>
    </student>
    <student>
        <id>30317b60-dcbf-431b-8313-b45abd9ed2ba</id>
        <firstName>Ирина</firstName>
        <lastName>Снигурова</lastName>
        <patronymicName>Валерьевна</patronymicName>
        <ou>bb1a55e4-7822-4e3f-880f-429a826326e1</ou>
        <averageMark>0.0</averageMark>
    </student>
    <student>
        <id>67ca64af-3907-4c2f-8bd3-ed7792d72cdd</id>
        <firstName>Артем</firstName>
        <lastName>Судиловский</lastName>
        <patronymicName>Владимирович</patronymicName>
        <ou>bb1a55e4-7822-4e3f-880f-429a826326e1</ou>
        <averageMark>0.0</averageMark>
    </student>
    <student>
        <id>295e220e-52b9-4f40-8778-d65bc56ea09d</id>
        <firstName>Герман</firstName>
        <lastName>Чухрай</lastName>
        <patronymicName>Витальевич</patronymicName>
        <ou>bb1a55e4-7822-4e3f-880f-429a826326e1</ou>
        <averageMark>0.0</averageMark>
    </student>
    <student>
        <id>9aa6b20d-2bff-4e94-ac6b-d990d199cc24</id>
        <firstName>Олег</firstName>
        <lastName>Бабашко</lastName>
        <patronymicName>Викторович</patronymicName>
        <ou>46eb60ca-1460-404d-ad63-8d1873783f99</ou>
        <averageMark>0.0</averageMark>
    </student>
    <student>
        <id>8c269c3d-3412-46df-b42f-9b871d838e5d</id>
        <firstName>Полина</firstName>
        <lastName>Бальцевич</lastName>
        <patronymicName>Геннадьевна</patronymicName>
        <ou>46eb60ca-1460-404d-ad63-8d1873783f99</ou>
        <averageMark>0.0</averageMark>
    </student>
    <student>
        <id>a2d06d9a-4ee1-4748-bc88-8d2e44704a31</id>
        <firstName>Юрий</firstName>
        <lastName>Бойко</lastName>
        <patronymicName>Александрович</patronymicName>
        <ou>46eb60ca-1460-404d-ad63-8d1873783f99</ou>
        <averageMark>0.0</averageMark>
    </student>
    <student>
        <id>56b5d46f-d0c5-4e1a-b602-9220b9ecaeb7</id>
        <firstName>Александр</firstName>
        <lastName>Булыга</lastName>
        <patronymicName>Анатольевич</patronymicName>
        <ou>46eb60ca-1460-404d-ad63-8d1873783f99</ou>
        <averageMark>0.0</averageMark>
    </student>
    <student>
        <id>645c7a0d-f908-445b-817c-b54f3debab16</id>
        <firstName>Павел</firstName>
        <lastName>Горбач</lastName>
        <patronymicName>Сергеевич</patronymicName>
        <ou>46eb60ca-1460-404d-ad63-8d1873783f99</ou>
        <averageMark>0.0</averageMark>
    </student>
    <student>
        <id>8f2f143c-0b8b-49d0-a90a-9bcc88847fbc</id>
        <firstName>Евгений</firstName>
        <lastName>Дедович</lastName>
        <patronymicName>Игоревич</patronymicName>
        <ou>46eb60ca-1460-404d-ad63-8d1873783f99</ou>
        <averageMark>0.0</averageMark>
    </student>
    <student>
        <id>2d75dac4-f40c-4abb-9868-d3fa47e8afe1</id>
        <firstName>Александр</firstName>
        <lastName>Дешкевич</lastName>
        <patronymicName>Олегович</patronymicName>
        <ou>46eb60ca-1460-404d-ad63-8d1873783f99</ou>
        <averageMark>0.0</averageMark>
    </student>
    <student>
        <id>806c81bc-4c52-4102-bb90-3b26962283d6</id>
        <firstName>Сергей</firstName>
        <lastName>Дудаль</lastName>
        <patronymicName>Викторович</patronymicName>
        <ou>46eb60ca-1460-404d-ad63-8d1873783f99</ou>
        <averageMark>0.0</averageMark>
    </student>
    <student>
        <id>9ddf77a2-4d0c-4cef-832a-744ba614c152</id>
        <firstName>Павел</firstName>
        <lastName>Заводцов</lastName>
        <patronymicName>Николаевич</patronymicName>
        <ou>46eb60ca-1460-404d-ad63-8d1873783f99</ou>
        <averageMark>0.0</averageMark>
    </student>
    <student>
        <id>d962d9e9-0a4e-46a2-9b11-caded89474f1</id>
        <firstName>Александр</firstName>
        <lastName>Зельчан</lastName>
        <patronymicName>Андреевич</patronymicName>
        <ou>46eb60ca-1460-404d-ad63-8d1873783f99</ou>
        <averageMark>0.0</averageMark>
    </student>
    <student>
        <id>cd328e29-7689-4b52-82ab-c29fa4b0d09a</id>
        <firstName>Дмитрий</firstName>
        <lastName>Кутафин</lastName>
        <patronymicName>Николаевич</patronymicName>
        <ou>46eb60ca-1460-404d-ad63-8d1873783f99</ou>
        <averageMark>0.0</averageMark>
    </student>
    <student>
        <id>7e1e39a5-7557-434d-b8df-3d790a380da5</id>
        <firstName>Павел</firstName>
        <lastName>Леонов</lastName>
        <patronymicName>Николаевич</patronymicName>
        <ou>46eb60ca-1460-404d-ad63-8d1873783f99</ou>
        <averageMark>0.0</averageMark>
    </student>
    <student>
        <id>2d0c3bd1-ed01-4fcd-ab23-1b221aa1b2c2</id>
        <firstName>Руслан</firstName>
        <lastName>Мажейко</lastName>
        <patronymicName>Сергеевич</patronymicName>
        <ou>46eb60ca-1460-404d-ad63-8d1873783f99</ou>
        <averageMark>0.0</averageMark>
    </student>
    <student>
        <id>a00f9f7e-b11d-444b-b101-919368abd868</id>
        <firstName>Алесь</firstName>
        <lastName>Михалевич</lastName>
        <patronymicName>Валерьевич</patronymicName>
        <ou>46eb60ca-1460-404d-ad63-8d1873783f99</ou>
        <averageMark>0.0</averageMark>
    </student>
    <student>
        <id>c680082a-c174-429c-a253-abc9cd12f09f</id>
        <firstName>Алексей</firstName>
        <lastName>Невский</lastName>
        <patronymicName>Александрович</patronymicName>
        <ou>46eb60ca-1460-404d-ad63-8d1873783f99</ou>
        <averageMark>0.0</averageMark>
    </student>
    <student>
        <id>c977a108-ab96-4dcf-8e7f-539472deb608</id>
        <firstName>Анна</firstName>
        <lastName>Парадник</lastName>
        <patronymicName>Владимировна</patronymicName>
        <ou>46eb60ca-1460-404d-ad63-8d1873783f99</ou>
        <averageMark>0.0</averageMark>
    </student>
    <student>
        <id>6bd8fcc6-4210-409f-9750-b163eeb80e46</id>
        <firstName>Алексей</firstName>
        <lastName>Рыжих</lastName>
        <patronymicName>Владимирович</patronymicName>
        <ou>46eb60ca-1460-404d-ad63-8d1873783f99</ou>
        <averageMark>0.0</averageMark>
    </student>
    <student>
        <id>72492a6d-d1e5-49cb-aaab-6bdee9eeed61</id>
        <firstName>Павел</firstName>
        <lastName>Тришенков</lastName>
        <patronymicName>Александрович</patronymicName>
        <ou>46eb60ca-1460-404d-ad63-8d1873783f99</ou>
        <averageMark>0.0</averageMark>
    </student>
    <student>
        <id>433e9908-9267-4cd2-bd1e-47512775fb27</id>
        <firstName>Виктор</firstName>
        <lastName>Урядов</lastName>
        <patronymicName>Владимирович</patronymicName>
        <ou>46eb60ca-1460-404d-ad63-8d1873783f99</ou>
        <averageMark>0.0</averageMark>
    </student>
    <student>
        <id>031cd3cd-ac4b-4a65-80cc-86193c9d6b6b</id>
        <firstName>Михаил</firstName>
        <lastName>Хлуд</lastName>
        <patronymicName>Алексеевич</patronymicName>
        <ou>46eb60ca-1460-404d-ad63-8d1873783f99</ou>
        <averageMark>0.0</averageMark>
    </student>
    <student>
        <id>800054ab-1b8b-4574-a6c8-79022c62cf8b</id>
        <firstName>Николай</firstName>
        <lastName>Цыганков</lastName>
        <patronymicName>Владимирович</patronymicName>
        <ou>46eb60ca-1460-404d-ad63-8d1873783f99</ou>
        <averageMark>0.0</averageMark>
    </student>
    <student>
        <id>4a5b4f47-06de-4fb9-8bb7-ce7b690ed431</id>
        <firstName>Илья</firstName>
        <lastName>Чемердовский</lastName>
        <patronymicName>Сергеевич</patronymicName>
        <ou>46eb60ca-1460-404d-ad63-8d1873783f99</ou>
        <averageMark>0.0</averageMark>
    </student>
    <student>
        <id>b8366367-72b0-4d83-8cf3-f76b0d541ffe</id>
        <firstName>Артем</firstName>
        <lastName>Чеховский</lastName>
        <patronymicName>Юрьевич</patronymicName>
        <ou>46eb60ca-1460-404d-ad63-8d1873783f99</ou>
        <averageMark>0.0</averageMark>
    </student>
    <student>
        <id>758df6af-9e60-4f94-9c44-abdb8963e819</id>
        <firstName>Кирилл</firstName>
        <lastName>Чужов</lastName>
        <patronymicName>Сергеевич</patronymicName>
        <ou>46eb60ca-1460-404d-ad63-8d1873783f99</ou>
        <averageMark>0.0</averageMark>
    </student>
    <student>
        <id>8bd4da12-31eb-44de-bd5c-8484cd861fdb</id>
        <firstName>Андрей</firstName>
        <lastName>Шиленок</lastName>
        <patronymicName>Александрович</patronymicName>
        <ou>46eb60ca-1460-404d-ad63-8d1873783f99</ou>
        <averageMark>0.0</averageMark>
    </student>
    <student>
        <id>063ec29e-671f-4f23-b70c-587cc673e74e</id>
        <firstName>Олег</firstName>
        <lastName>Борисов</lastName>
        <patronymicName>Борисович</patronymicName>
        <ou>121aa2cc-c6de-4a6e-a3ac-02321ef98cc8</ou>
        <budget>false</budget>
        <averageMark>0.0</averageMark>
    </student>
    <student>
        <id>b0d7c5c7-36c3-4e65-8396-7df05b1f3347</id>
        <firstName>Михаил</firstName>
        <lastName>Корнейчик</lastName>
        <patronymicName>Александрович</patronymicName>
        <ou>121aa2cc-c6de-4a6e-a3ac-02321ef98cc8</ou>
        <budget>false</budget>
        <averageMark>0.0</averageMark>
    </student>
    <student>
        <id>707fee34-ff3a-407a-9a94-363fcf01ee5d</id>
        <lastName>hjfgjfgjfj</lastName>
        <ou>1d280b3a-fcff-4ffa-a140-ee86f6d02663</ou>
        <budget>false</budget>
        <averageMark>0.0</averageMark>
    </student>
</studentList>
