<?xml version="1.0" encoding="UTF-8" standalone="yes"?>
<studentList>
    <student>
        <id>6e978a50-d5bc-414c-a6bd-fac53d5d64df</id>
        <firstName>Иоланта</firstName>
        <lastName>Анисько</lastName>
        <patronymicName>Евгеньевна</patronymicName>
        <ou>d5fd0dce-ca76-4038-9e23-0a84e490cb07</ou>
    </student>
    <student>
        <id>6e978a80-d5bc-414c-a6bd-fac52d5d64df</id>
        <firstName>Иоланта</firstName>
        <lastName>Анисько</lastName>
        <patronymicName>Евгеньевна</patronymicName>
        <ou>2a1673a3-1048-497b-98c8-a0638a83b49e</ou>
    </student>
    <student>
        <id>709d900f-5a92-471a-a7b5-2c2fbbf8f429</id>
        <firstName>Андрей</firstName>
        <lastName>Безруков</lastName>
        <patronymicName>Константинович</patronymicName>
        <ou>a9283c23-626a-4250-8bc5-bf903ec1813b</ou>
    </student>
    <student>
        <id>0880f90a-8b9f-414b-a26a-04e4de953404</id>
        <firstName>Юрий</firstName>
        <lastName>Бобрик</lastName>
        <patronymicName>Александрович</patronymicName>
        <ou>a9283c23-626a-4250-8bc5-bf903ec1813b</ou>
    </student>
    <student>
        <id>4c9ba1bf-f3e9-46ba-a5a8-246de671577b</id>
        <firstName>Александр </firstName>
        <lastName>Бобрикович</lastName>
        <patronymicName>Иванович</patronymicName>
        <ou>a9283c23-626a-4250-8bc5-bf903ec1813b</ou>
    </student>
    <student>
        <id>c39d7b06-b7a4-4145-94f2-ce6939493857</id>
        <firstName>Андрей</firstName>
        <lastName>Будник</lastName>
        <patronymicName>Владимирович</patronymicName>
        <ou>2a1673a3-1048-497b-98c8-a0638a83b49e</ou>
    </student>
    <student>
        <id>78a0d03f-2b32-4ccb-8b80-2791188d788e</id>
        <firstName>Григорий</firstName>
        <lastName>Бураков</lastName>
        <patronymicName>Павлович</patronymicName>
        <ou>a9283c23-626a-4250-8bc5-bf903ec1813b</ou>
    </student>
    <student>
        <id>8b91708d-e2d3-487a-bce8-dd1b19e39081</id>
        <firstName>Маргарита</firstName>
        <lastName>Бэшимова</lastName>
        <patronymicName>Петровна</patronymicName>
        <ou>2a1673a3-1048-497b-98c8-a0638a83b49e</ou>
    </student>
    <student>
        <id>7cf4ab2f-8532-4b3e-9624-697c46ffa06c</id>
        <firstName>Сергей</firstName>
        <lastName>Войцехович</lastName>
        <patronymicName>Сергеевич</patronymicName>
        <ou>a9283c23-626a-4250-8bc5-bf903ec1813b</ou>
    </student>
    <student>
        <id>c5e96870-b6a3-424c-ba56-8a1c2dc2fe31</id>
        <firstName>Илья</firstName>
        <lastName>Гранковский</lastName>
        <patronymicName>Александрович</patronymicName>
        <ou>2a1673a3-1048-497b-98c8-a0638a83b49e</ou>
    </student>
    <student>
        <id>a2d19cee-cfec-47e2-8c1f-c3b3128ec389</id>
        <firstName>Евгений</firstName>
        <lastName>Гулевич</lastName>
        <patronymicName>Игоревич</patronymicName>
        <ou>cbf7b39f-b583-4476-aa7b-35a199de11be</ou>
    </student>
    <student>
        <id>98667b5b-7b3f-4a15-9310-f00fc6f161dc</id>
        <firstName>Роман</firstName>
        <lastName>Дубинчик</lastName>
        <patronymicName>Александрович</patronymicName>
        <ou>a9283c23-626a-4250-8bc5-bf903ec1813b</ou>
    </student>
    <student>
        <id>78897d8a-bb43-4782-a7af-ab760dfbc7f5</id>
        <firstName>Евгений</firstName>
        <lastName>Жогун</lastName>
        <patronymicName>Федорович</patronymicName>
        <ou>2a1673a3-1048-497b-98c8-a0638a83b49e</ou>
    </student>
    <student>
        <id>e60a8e3d-d8af-4ff4-934b-aa09b0fc4c9e</id>
        <firstName>Вера</firstName>
        <lastName>Жук</lastName>
        <patronymicName>Александровна</patronymicName>
        <ou>a9283c23-626a-4250-8bc5-bf903ec1813b</ou>
    </student>
    <student>
        <id>6f21d948-e7f1-412c-82f2-3852c10ced7e</id>
        <firstName>Владимир</firstName>
        <lastName>Жук</lastName>
        <patronymicName>Владимирович</patronymicName>
        <ou>a9283c23-626a-4250-8bc5-bf903ec1813b</ou>
    </student>
    <student>
        <id>b3b44183-40be-43ab-a08f-0f334ae3e04e</id>
        <firstName>Сергей</firstName>
        <lastName>Заливако</lastName>
        <patronymicName>Сергеевич</patronymicName>
        <ou>2a1673a3-1048-497b-98c8-a0638a83b49e</ou>
    </student>
    <student>
        <id>67fd8e9c-9d1a-4796-a0e8-6dbf7c0f8a43</id>
        <firstName>Григорий</firstName>
        <lastName>Зубкевич</lastName>
        <patronymicName>Григорьевич</patronymicName>
        <ou>cbf7b39f-b583-4476-aa7b-35a199de11be</ou>
    </student>
    <student>
        <id>bc048472-39e7-4d35-a3f3-a70d7a55b9e8</id>
        <firstName>Михаил</firstName>
        <lastName>Иванов</lastName>
        <patronymicName>Александрович</patronymicName>
        <ou>a9283c23-626a-4250-8bc5-bf903ec1813b</ou>
    </student>
    <student>
        <id>c01adee1-5fe3-4216-b8a9-f09f25dd2acd</id>
        <firstName>Максим</firstName>
        <lastName>Каменков</lastName>
        <patronymicName>Александрович</patronymicName>
        <ou>a9283c23-626a-4250-8bc5-bf903ec1813b</ou>
    </student>
    <student>
        <id>6d5f0201-df30-4105-8693-679e0ed5c2f5</id>
        <firstName>Георгий</firstName>
        <lastName>Квирикашвили </lastName>
        <patronymicName>Георгиевич</patronymicName>
        <ou>a9283c23-626a-4250-8bc5-bf903ec1813b</ou>
    </student>
    <student>
        <id>8bf182ab-47b5-462c-b805-b5f051d0dee0</id>
        <firstName>Валерий </firstName>
        <lastName>Клещенко </lastName>
        <patronymicName>Константинович</patronymicName>
        <ou>2a1673a3-1048-497b-98c8-a0638a83b49e</ou>
    </student>
    <student>
        <id>5c24e23b-978f-453e-ad9d-a012ebe639e2</id>
        <firstName>Александр </firstName>
        <lastName>Клименков </lastName>
        <patronymicName>Петрович</patronymicName>
        <ou>cbf7b39f-b583-4476-aa7b-35a199de11be</ou>
    </student>
    <student>
        <id>6af2439b-a82c-4a3e-aa7f-76d3fd7a8996</id>
        <firstName>Артем </firstName>
        <lastName>Ковалевич </lastName>
        <patronymicName>Геннадьевич</patronymicName>
        <ou>a9283c23-626a-4250-8bc5-bf903ec1813b</ou>
    </student>
    <student>
        <id>c7ee881b-58f8-4fac-97bc-ab4df53ab6ef</id>
        <firstName>Артем </firstName>
        <lastName>Козаченко </lastName>
        <patronymicName>Сергеевич</patronymicName>
        <ou>2a1673a3-1048-497b-98c8-a0638a83b49e</ou>
    </student>
    <student>
        <id>7bc78a5b-a739-4534-8aeb-d0c1eb2756fc</id>
        <firstName>Андрей </firstName>
        <lastName>Кондратович </lastName>
        <patronymicName>Александрович</patronymicName>
        <ou>2a1673a3-1048-497b-98c8-a0638a83b49e</ou>
    </student>
    <student>
        <id>973b2074-7d42-4276-8094-1b3adb2edd2e</id>
        <firstName>Николай </firstName>
        <lastName>Копылов </lastName>
        <patronymicName>Сергеевич</patronymicName>
        <ou>2a1673a3-1048-497b-98c8-a0638a83b49e</ou>
    </student>
    <student>
        <id>4308b7c6-501d-4e07-a6c2-e95fe319cdb6</id>
        <firstName>Иван</firstName>
        <lastName>Кот</lastName>
        <patronymicName>Валерьевич</patronymicName>
        <ou>a9283c23-626a-4250-8bc5-bf903ec1813b</ou>
    </student>
    <student>
        <id>0210ae4a-d671-4893-834c-59513c43966a</id>
        <firstName>Дмитрий</firstName>
        <lastName>Кравцов </lastName>
        <patronymicName>Владимирович</patronymicName>
        <ou>a9283c23-626a-4250-8bc5-bf903ec1813b</ou>
    </student>
    <student>
        <id>b4b89cbc-6152-4218-a42f-bffccc82c3c4</id>
        <firstName>Андрей</firstName>
        <lastName>Кравченко</lastName>
        <patronymicName>Юрьевич</patronymicName>
        <ou>a9283c23-626a-4250-8bc5-bf903ec1813b</ou>
    </student>
    <student>
        <id>50866883-9ed8-43d5-879b-58684987bde3</id>
        <firstName>Павел</firstName>
        <lastName>Кудош</lastName>
        <patronymicName>Павлович</patronymicName>
        <ou>cbf7b39f-b583-4476-aa7b-35a199de11be</ou>
    </student>
    <student>
        <id>b5c9ddd1-ba72-4445-9901-77a99c6b34f5</id>
        <firstName>Станислав</firstName>
        <lastName>Куликов</lastName>
        <patronymicName>Юрьевич</patronymicName>
        <ou>a9283c23-626a-4250-8bc5-bf903ec1813b</ou>
    </student>
    <student>
        <id>ec2808cb-7640-4504-8381-83db27615f24</id>
        <firstName>Сергей</firstName>
        <lastName>Кушмар</lastName>
        <patronymicName>Евгеньевич</patronymicName>
        <ou>2a1673a3-1048-497b-98c8-a0638a83b49e</ou>
    </student>
    <student>
        <id>00d285b1-50ad-495f-bd57-f05260d4380f</id>
        <firstName>Сергей</firstName>
        <lastName>Лазакович</lastName>
        <patronymicName>Григорьевич</patronymicName>
        <ou>cbf7b39f-b583-4476-aa7b-35a199de11be</ou>
    </student>
    <student>
        <id>c4df1506-c9e3-4905-b7dd-d82637921b3e</id>
        <firstName>Евгений</firstName>
        <lastName>Лазуркин</lastName>
        <patronymicName>Александрович</patronymicName>
        <ou>a9283c23-626a-4250-8bc5-bf903ec1813b</ou>
    </student>
    <student>
        <id>07f075d1-ec7f-455e-b81a-5114c6a3110a</id>
        <firstName>Артем</firstName>
        <lastName>Литвинов</lastName>
        <patronymicName>Алексеевич</patronymicName>
        <ou>cbf7b39f-b583-4476-aa7b-35a199de11be</ou>
    </student>
    <student>
        <id>de059320-873a-4117-be8f-1b89449a343b</id>
        <firstName>Юрий</firstName>
        <lastName>Лупинов</lastName>
        <patronymicName>Анатольевич</patronymicName>
        <ou>a9283c23-626a-4250-8bc5-bf903ec1813b</ou>
    </student>
    <student>
        <id>d67cbe33-d2e1-41e7-b2f8-46328b2373b2</id>
        <firstName>Иван</firstName>
        <lastName>Метельский</lastName>
        <patronymicName>Васильевич</patronymicName>
        <ou>cbf7b39f-b583-4476-aa7b-35a199de11be</ou>
    </student>
    <student>
        <id>0cbae23f-519a-4c24-b8db-d49832f8d902</id>
        <firstName>Андрей</firstName>
        <lastName>Мисан</lastName>
        <patronymicName>Викторович</patronymicName>
        <ou>a9283c23-626a-4250-8bc5-bf903ec1813b</ou>
    </student>
    <student>
        <id>e12c1e83-f0dc-4197-96c4-3f89b1a170be</id>
        <firstName>Дарья</firstName>
        <lastName>Михальченко</lastName>
        <patronymicName>Владимировна</patronymicName>
        <ou>a9283c23-626a-4250-8bc5-bf903ec1813b</ou>
    </student>
    <student>
        <id>882714e2-9c12-4f04-8be2-bf27b85edb1f</id>
        <firstName>Андрей</firstName>
        <lastName>Мухин</lastName>
        <patronymicName>Александрович</patronymicName>
        <ou>2a1673a3-1048-497b-98c8-a0638a83b49e</ou>
    </student>
    <student>
        <id>5953ad19-4551-43de-b31c-26f2c727cb17</id>
        <firstName>Юрий</firstName>
        <lastName>Назарчук</lastName>
        <patronymicName>Петрович</patronymicName>
        <ou>a9283c23-626a-4250-8bc5-bf903ec1813b</ou>
    </student>
    <student>
        <id>8d218797-116f-44f1-8cec-59c26adc9456</id>
        <firstName>Татьяна</firstName>
        <lastName>Островская</lastName>
        <patronymicName>Владимировна</patronymicName>
        <ou>2a1673a3-1048-497b-98c8-a0638a83b49e</ou>
    </student>
    <student>
        <id>90d51b1a-e999-4d99-96f9-67e607cb3a3b</id>
        <firstName>Максим</firstName>
        <lastName>Пенкрат</lastName>
        <patronymicName>Владимирович</patronymicName>
        <ou>a9283c23-626a-4250-8bc5-bf903ec1813b</ou>
    </student>
    <student>
        <id>da7a9d55-8067-48cd-ae0e-1661fa2bffb0</id>
        <firstName>Дмитрий</firstName>
        <lastName>Петкун</lastName>
        <patronymicName>Вячеславович</patronymicName>
        <ou>cbf7b39f-b583-4476-aa7b-35a199de11be</ou>
    </student>
    <student>
        <id>b5a56b80-3a36-4fa5-a5e7-4a2bea97dac9</id>
        <firstName>Михаил</firstName>
        <lastName>Платонов</lastName>
        <patronymicName>Владимирович</patronymicName>
        <ou>2a1673a3-1048-497b-98c8-a0638a83b49e</ou>
    </student>
    <student>
        <id>b6be7e23-4573-4647-abf4-3b9bb29804ce</id>
        <firstName>Михаил</firstName>
        <lastName>Полубисок</lastName>
        <patronymicName>Валентинович</patronymicName>
        <ou>2a1673a3-1048-497b-98c8-a0638a83b49e</ou>
    </student>
    <student>
        <id>822b2764-e490-4aab-9264-1cdb7316fb89</id>
        <firstName>Евгений</firstName>
        <lastName>Прощенко</lastName>
        <patronymicName>Александрович</patronymicName>
        <ou>a9283c23-626a-4250-8bc5-bf903ec1813b</ou>
    </student>
    <student>
        <id>8229496b-9119-41fe-944a-a324b70e379a</id>
        <firstName>Антон</firstName>
        <lastName>Романов</lastName>
        <patronymicName>Николаевич</patronymicName>
        <ou>2a1673a3-1048-497b-98c8-a0638a83b49e</ou>
    </student>
    <student>
        <id>6f9bfa1c-cba0-4fd2-864e-712adc321b72</id>
        <firstName>Евгений</firstName>
        <lastName>Ромашов</lastName>
        <patronymicName>Иванович</patronymicName>
        <ou>cbf7b39f-b583-4476-aa7b-35a199de11be</ou>
    </student>
    <student>
        <id>6fc73953-1704-4985-a914-4bb021d4527e</id>
        <firstName>Мария</firstName>
        <lastName>Рудько</lastName>
        <patronymicName>Сергеевна</patronymicName>
        <ou>2a1673a3-1048-497b-98c8-a0638a83b49e</ou>
    </student>
    <student>
        <id>dc8ebfc2-9b0b-4877-b33c-28ff7359bd94</id>
        <firstName>Ольга</firstName>
        <lastName>Савельева</lastName>
        <patronymicName>Юрьевна</patronymicName>
        <ou>2a1673a3-1048-497b-98c8-a0638a83b49e</ou>
    </student>
    <student>
        <id>2bcddf64-efd3-4e04-8a45-7fe8f4676f45</id>
        <firstName>Антон</firstName>
        <lastName>Семашко</lastName>
        <patronymicName>Владимирович</patronymicName>
        <ou>2a1673a3-1048-497b-98c8-a0638a83b49e</ou>
    </student>
    <student>
        <id>0ae59941-259a-4362-af12-ad3475d30f3c</id>
        <firstName>Владимир</firstName>
        <lastName>Серяков</lastName>
        <patronymicName>Владимирович</patronymicName>
        <ou>2a1673a3-1048-497b-98c8-a0638a83b49e</ou>
    </student>
    <student>
        <id>26bde6a3-20ce-4972-a2a1-325a2dab669c</id>
        <firstName>Алексей</firstName>
        <lastName>Синкевич</lastName>
        <patronymicName>Викторович</patronymicName>
        <ou>2a1673a3-1048-497b-98c8-a0638a83b49e</ou>
    </student>
    <student>
        <id>3f213f27-06e7-4cd1-b9c9-a4ca1383b9ef</id>
        <firstName>Александр</firstName>
        <lastName>Шуков</lastName>
        <patronymicName>Сергеевич</patronymicName>
        <ou>2a1673a3-1048-497b-98c8-a0638a83b49e</ou>
    </student>
    <student>
        <id>8f23720e-8fc2-4b6b-af29-f39a91f5f750</id>
        <firstName>Даниил</firstName>
        <lastName>Шункевич</lastName>
        <patronymicName>Вячеславович</patronymicName>
        <ou>2a1673a3-1048-497b-98c8-a0638a83b49e</ou>
    </student>
    <student>
        <id>08830d0e-f866-4a8f-b590-69fe9115a4fb</id>
        <firstName>Александр</firstName>
        <lastName>Щемелев</lastName>
        <patronymicName>Сергеевич</patronymicName>
        <ou>2a1673a3-1048-497b-98c8-a0638a83b49e</ou>
    </student>
    <student>
        <id>72af828e-47a1-452b-a159-3b3e48593e2b</id>
        <firstName>Сергей</firstName>
        <lastName>Синцов</lastName>
        <patronymicName>Викторович</patronymicName>
        <ou>cbf7b39f-b583-4476-aa7b-35a199de11be</ou>
    </student>
    <student>
        <id>90da7bf7-bd5d-4715-967e-614bce0934e8</id>
        <firstName>Сергей</firstName>
        <lastName>Старцев</lastName>
        <patronymicName>Сергеевич</patronymicName>
        <ou>2a1673a3-1048-497b-98c8-a0638a83b49e</ou>
    </student>
    <student>
        <id>0bb6a6e8-6cc0-4519-a17d-803a511e5c70</id>
        <firstName>Алексей</firstName>
        <lastName>Талюк</lastName>
        <patronymicName>Викторович</patronymicName>
        <ou>a9283c23-626a-4250-8bc5-bf903ec1813b</ou>
    </student>
    <student>
        <id>e7dad774-ec11-499a-9476-3b5375320de4</id>
        <firstName>Дмитрий</firstName>
        <lastName>Танцеров</lastName>
        <patronymicName>Александрович</patronymicName>
        <ou>2a1673a3-1048-497b-98c8-a0638a83b49e</ou>
    </student>
    <student>
        <id>c989aecf-e34b-4e33-82ae-cef7a422e0b2</id>
        <firstName>Илья</firstName>
        <lastName>Титов</lastName>
        <patronymicName>Игоревич</patronymicName>
        <ou>cbf7b39f-b583-4476-aa7b-35a199de11be</ou>
    </student>
    <student>
        <id>d5d2d3ed-c985-4a44-aef1-c2e0afb244c2</id>
        <firstName>Христина</firstName>
        <lastName>Тихонович</lastName>
        <patronymicName>Николаевна</patronymicName>
        <ou>a9283c23-626a-4250-8bc5-bf903ec1813b</ou>
    </student>
    <student>
        <id>d7c861f3-f776-47ad-be87-3a7fb8d67c05</id>
        <firstName>Ольга</firstName>
        <lastName>Фурман</lastName>
        <patronymicName>Дмитриевна</patronymicName>
        <ou>cbf7b39f-b583-4476-aa7b-35a199de11be</ou>
    </student>
    <student>
        <id>45101cc3-5799-4b73-818c-f65d64ab8c65</id>
        <firstName>Сергей</firstName>
        <lastName>Харланов</lastName>
        <patronymicName>Александрович</patronymicName>
        <ou>a9283c23-626a-4250-8bc5-bf903ec1813b</ou>
    </student>
    <student>
        <id>049c63a3-a205-4a38-8b1a-01050b6369e2</id>
        <firstName>Артур</firstName>
        <lastName>Харюков</lastName>
        <patronymicName>Александрович</patronymicName>
        <ou>2a1673a3-1048-497b-98c8-a0638a83b49e</ou>
    </student>
    <student>
        <id>acd23e3a-4415-463e-a5a2-60fc77e953ae</id>
        <firstName>Геннадий</firstName>
        <lastName>Царик</lastName>
        <patronymicName>Сергеевич</patronymicName>
        <ou>cbf7b39f-b583-4476-aa7b-35a199de11be</ou>
    </student>
    <student>
        <id>25eda3f2-c6b6-4463-afa6-7f115974ec46</id>
        <firstName>Татьяна</firstName>
        <lastName>Шинкевич</lastName>
        <patronymicName>Владимировна</patronymicName>
        <ou>cbf7b39f-b583-4476-aa7b-35a199de11be</ou>
    </student>
    <student>
        <id>a79ac1a8-e596-4242-8c57-4dad6009deec</id>
        <firstName>Павел</firstName>
        <lastName>Курносов</lastName>
        <patronymicName>Юрьевич</patronymicName>
        <ou>512cf93d-9b04-4571-acde-528a29bcf47b</ou>
    </student>
    <student>
        <id>62f5ffbe-975c-428f-ad4f-e17bc0a16305</id>
        <firstName>Анастасия</firstName>
        <lastName>Лейченко</lastName>
        <patronymicName>Николаевна</patronymicName>
        <ou>512cf93d-9b04-4571-acde-528a29bcf47b</ou>
    </student>
</studentList>
