<?xml version="1.0" encoding="UTF-8" standalone="yes"?>
<productionPracticePlaceList>
    <list xmlns:xsi="http://www.w3.org/2001/XMLSchema-instance" xsi:type="practicePlace">
        <companyId>1e2403b9-a039-413e-ad3b-a34a3a67ec3d</companyId>
        <maxStudentsNumber>7</maxStudentsNumber>
        <practiceWork>
            <studentId>6931bfe4-f29d-490f-a33d-e6dd5948df23</studentId>
            <consultantId>2608a95f-58cb-4108-8619-640f0fc6e592</consultantId>
            <companyId>1e2403b9-a039-413e-ad3b-a34a3a67ec3d</companyId>
        </practiceWork>
        <practiceWork>
            <studentId>be40389b-fcee-443e-81fb-c41aa2c18224</studentId>
            <consultantId>2608a95f-58cb-4108-8619-640f0fc6e592</consultantId>
            <companyId>1e2403b9-a039-413e-ad3b-a34a3a67ec3d</companyId>
        </practiceWork>
        <practiceWork>
            <studentId>31a5abb2-d613-495a-baa2-cd09e3fec797</studentId>
            <consultantId>2608a95f-58cb-4108-8619-640f0fc6e592</consultantId>
            <companyId>1e2403b9-a039-413e-ad3b-a34a3a67ec3d</companyId>
        </practiceWork>
        <practiceWork>
            <studentId>4d3ef951-f351-4104-8406-b16b1fccdf54</studentId>
            <consultantId>b3df261c-71b9-4116-abb3-36b295d27b61</consultantId>
            <companyId>1e2403b9-a039-413e-ad3b-a34a3a67ec3d</companyId>
        </practiceWork>
        <practiceWork>
            <studentId>eab4d311-0795-4a24-914b-539034142789</studentId>
            <consultantId>b3df261c-71b9-4116-abb3-36b295d27b61</consultantId>
            <companyId>1e2403b9-a039-413e-ad3b-a34a3a67ec3d</companyId>
        </practiceWork>
    </list>
    <list xmlns:xsi="http://www.w3.org/2001/XMLSchema-instance" xsi:type="practicePlace">
        <companyId>1811f230-0049-47d1-8053-965491cd5d2f</companyId>
        <maxStudentsNumber>0</maxStudentsNumber>
    </list>
    <list xmlns:xsi="http://www.w3.org/2001/XMLSchema-instance" xsi:type="practicePlace">
        <companyId>e4ae1931-37c2-4b03-aa8e-2680c5420a08</companyId>
        <maxStudentsNumber>0</maxStudentsNumber>
    </list>
    <list xmlns:xsi="http://www.w3.org/2001/XMLSchema-instance" xsi:type="practicePlace">
        <companyId>9cb5fef0-7bba-432b-96ba-b7876dfaf9e8</companyId>
        <maxStudentsNumber>6</maxStudentsNumber>
        <practiceWork>
            <studentId>19263930-949e-4e94-adf6-d0553be3dcd2</studentId>
            <companyId>9cb5fef0-7bba-432b-96ba-b7876dfaf9e8</companyId>
        </practiceWork>
        <practiceWork>
            <studentId>cc6977eb-e65e-4c74-82ac-d32e88d60cb3</studentId>
            <companyId>9cb5fef0-7bba-432b-96ba-b7876dfaf9e8</companyId>
        </practiceWork>
        <practiceWork>
            <studentId>80cdd003-90e7-4cbe-ad74-ea58f6821fd4</studentId>
            <companyId>9cb5fef0-7bba-432b-96ba-b7876dfaf9e8</companyId>
        </practiceWork>
        <practiceWork>
            <studentId>6f937e28-2eb3-4cd6-a1bb-e252f5f48233</studentId>
            <companyId>9cb5fef0-7bba-432b-96ba-b7876dfaf9e8</companyId>
        </practiceWork>
        <practiceWork>
            <studentId>ca066eec-5975-441d-87dd-9ebecebc63d1</studentId>
            <companyId>9cb5fef0-7bba-432b-96ba-b7876dfaf9e8</companyId>
        </practiceWork>
    </list>
    <practicePlace>
        <companyId>1e2403b9-a039-413e-ad3b-a34a3a67ec3d</companyId>
        <maxStudentsNumber>7</maxStudentsNumber>
        <practiceWork>
            <studentId>6931bfe4-f29d-490f-a33d-e6dd5948df23</studentId>
            <consultantId>2608a95f-58cb-4108-8619-640f0fc6e592</consultantId>
            <companyId>1e2403b9-a039-413e-ad3b-a34a3a67ec3d</companyId>
        </practiceWork>
        <practiceWork>
            <studentId>be40389b-fcee-443e-81fb-c41aa2c18224</studentId>
            <consultantId>2608a95f-58cb-4108-8619-640f0fc6e592</consultantId>
            <companyId>1e2403b9-a039-413e-ad3b-a34a3a67ec3d</companyId>
        </practiceWork>
        <practiceWork>
            <studentId>31a5abb2-d613-495a-baa2-cd09e3fec797</studentId>
            <consultantId>2608a95f-58cb-4108-8619-640f0fc6e592</consultantId>
            <companyId>1e2403b9-a039-413e-ad3b-a34a3a67ec3d</companyId>
        </practiceWork>
        <practiceWork>
            <studentId>4d3ef951-f351-4104-8406-b16b1fccdf54</studentId>
            <consultantId>b3df261c-71b9-4116-abb3-36b295d27b61</consultantId>
            <companyId>1e2403b9-a039-413e-ad3b-a34a3a67ec3d</companyId>
        </practiceWork>
        <practiceWork>
            <studentId>eab4d311-0795-4a24-914b-539034142789</studentId>
            <consultantId>b3df261c-71b9-4116-abb3-36b295d27b61</consultantId>
            <companyId>1e2403b9-a039-413e-ad3b-a34a3a67ec3d</companyId>
        </practiceWork>
    </practicePlace>
    <practicePlace>
        <companyId>1811f230-0049-47d1-8053-965491cd5d2f</companyId>
        <maxStudentsNumber>0</maxStudentsNumber>
    </practicePlace>
    <practicePlace>
        <companyId>e4ae1931-37c2-4b03-aa8e-2680c5420a08</companyId>
        <maxStudentsNumber>0</maxStudentsNumber>
    </practicePlace>
    <practicePlace>
        <companyId>9cb5fef0-7bba-432b-96ba-b7876dfaf9e8</companyId>
        <maxStudentsNumber>6</maxStudentsNumber>
        <practiceWork>
            <studentId>19263930-949e-4e94-adf6-d0553be3dcd2</studentId>
            <companyId>9cb5fef0-7bba-432b-96ba-b7876dfaf9e8</companyId>
        </practiceWork>
        <practiceWork>
            <studentId>cc6977eb-e65e-4c74-82ac-d32e88d60cb3</studentId>
            <companyId>9cb5fef0-7bba-432b-96ba-b7876dfaf9e8</companyId>
        </practiceWork>
        <practiceWork>
            <studentId>80cdd003-90e7-4cbe-ad74-ea58f6821fd4</studentId>
            <companyId>9cb5fef0-7bba-432b-96ba-b7876dfaf9e8</companyId>
        </practiceWork>
        <practiceWork>
            <studentId>6f937e28-2eb3-4cd6-a1bb-e252f5f48233</studentId>
            <companyId>9cb5fef0-7bba-432b-96ba-b7876dfaf9e8</companyId>
        </practiceWork>
        <practiceWork>
            <studentId>ca066eec-5975-441d-87dd-9ebecebc63d1</studentId>
            <companyId>9cb5fef0-7bba-432b-96ba-b7876dfaf9e8</companyId>
        </practiceWork>
    </practicePlace>
</productionPracticePlaceList>
