<?xml version="1.0" encoding="UTF-8" standalone="yes"?>
<practicePlaceList>
    <list xmlns:xsi="http://www.w3.org/2001/XMLSchema-instance" xsi:type="practicePlace">
        <companyId>e4ae1931-37c2-4b03-aa8e-2680c5420a08</companyId>
        <maxStudentsNumber>8</maxStudentsNumber>
        <practiceWork>
            <studentId>27c39673-4d18-4271-8642-c4b76d50205b</studentId>
            <consultantId>f75a151e-fd7d-49fe-9387-f7772511420d</consultantId>
            <companyId>e4ae1931-37c2-4b03-aa8e-2680c5420a08</companyId>
        </practiceWork>
        <practiceWork>
            <studentId>d09befbb-1621-4cb9-a3a1-1a9094447280</studentId>
            <consultantId>766dca55-96a5-43e1-aeb2-f9e7dbe6b71e</consultantId>
            <companyId>e4ae1931-37c2-4b03-aa8e-2680c5420a08</companyId>
        </practiceWork>
        <practiceWork>
            <studentId>c68765eb-7880-4430-8158-493b33d9781a</studentId>
            <consultantId>f75a151e-fd7d-49fe-9387-f7772511420d</consultantId>
            <companyId>e4ae1931-37c2-4b03-aa8e-2680c5420a08</companyId>
        </practiceWork>
        <practiceWork>
            <studentId>d8f6cca4-98a2-4e40-9074-f4fb572915cb</studentId>
            <consultantId>f75a151e-fd7d-49fe-9387-f7772511420d</consultantId>
            <companyId>e4ae1931-37c2-4b03-aa8e-2680c5420a08</companyId>
        </practiceWork>
        <practiceWork>
            <studentId>ee2c7cb7-3381-4995-804f-4708d77883e4</studentId>
            <consultantId>766dca55-96a5-43e1-aeb2-f9e7dbe6b71e</consultantId>
            <companyId>e4ae1931-37c2-4b03-aa8e-2680c5420a08</companyId>
        </practiceWork>
    </list>
    <list xmlns:xsi="http://www.w3.org/2001/XMLSchema-instance" xsi:type="practicePlace">
        <companyId>f9725290-8578-4533-a419-666e902a7f89</companyId>
        <maxStudentsNumber>7</maxStudentsNumber>
        <practiceWork>
            <studentId>6931bfe4-f29d-490f-a33d-e6dd5948df23</studentId>
            <consultantId>b2e8705d-789f-4be7-b7f4-1e3235a7d487</consultantId>
            <companyId>f9725290-8578-4533-a419-666e902a7f89</companyId>
        </practiceWork>
        <practiceWork>
            <studentId>be40389b-fcee-443e-81fb-c41aa2c18224</studentId>
            <consultantId>b2e8705d-789f-4be7-b7f4-1e3235a7d487</consultantId>
            <companyId>f9725290-8578-4533-a419-666e902a7f89</companyId>
        </practiceWork>
        <practiceWork>
            <studentId>31a5abb2-d613-495a-baa2-cd09e3fec797</studentId>
            <consultantId>b2e8705d-789f-4be7-b7f4-1e3235a7d487</consultantId>
            <companyId>f9725290-8578-4533-a419-666e902a7f89</companyId>
        </practiceWork>
        <practiceWork>
            <studentId>4d3ef951-f351-4104-8406-b16b1fccdf54</studentId>
            <consultantId>b2e8705d-789f-4be7-b7f4-1e3235a7d487</consultantId>
            <companyId>f9725290-8578-4533-a419-666e902a7f89</companyId>
        </practiceWork>
        <practiceWork>
            <studentId>eab4d311-0795-4a24-914b-539034142789</studentId>
            <consultantId>b2e8705d-789f-4be7-b7f4-1e3235a7d487</consultantId>
            <companyId>f9725290-8578-4533-a419-666e902a7f89</companyId>
        </practiceWork>
        <practiceWork>
            <studentId>bbc3f359-b76d-425f-935a-5da204e22ec0</studentId>
            <consultantId>b2e8705d-789f-4be7-b7f4-1e3235a7d487</consultantId>
            <companyId>f9725290-8578-4533-a419-666e902a7f89</companyId>
        </practiceWork>
    </list>
    <practicePlace>
        <companyId>e4ae1931-37c2-4b03-aa8e-2680c5420a08</companyId>
        <maxStudentsNumber>8</maxStudentsNumber>
        <practiceWork>
            <studentId>27c39673-4d18-4271-8642-c4b76d50205b</studentId>
            <consultantId>f75a151e-fd7d-49fe-9387-f7772511420d</consultantId>
            <companyId>e4ae1931-37c2-4b03-aa8e-2680c5420a08</companyId>
        </practiceWork>
        <practiceWork>
            <studentId>d09befbb-1621-4cb9-a3a1-1a9094447280</studentId>
            <consultantId>766dca55-96a5-43e1-aeb2-f9e7dbe6b71e</consultantId>
            <companyId>e4ae1931-37c2-4b03-aa8e-2680c5420a08</companyId>
        </practiceWork>
        <practiceWork>
            <studentId>c68765eb-7880-4430-8158-493b33d9781a</studentId>
            <consultantId>f75a151e-fd7d-49fe-9387-f7772511420d</consultantId>
            <companyId>e4ae1931-37c2-4b03-aa8e-2680c5420a08</companyId>
        </practiceWork>
        <practiceWork>
            <studentId>d8f6cca4-98a2-4e40-9074-f4fb572915cb</studentId>
            <consultantId>f75a151e-fd7d-49fe-9387-f7772511420d</consultantId>
            <companyId>e4ae1931-37c2-4b03-aa8e-2680c5420a08</companyId>
        </practiceWork>
        <practiceWork>
            <studentId>ee2c7cb7-3381-4995-804f-4708d77883e4</studentId>
            <consultantId>766dca55-96a5-43e1-aeb2-f9e7dbe6b71e</consultantId>
            <companyId>e4ae1931-37c2-4b03-aa8e-2680c5420a08</companyId>
        </practiceWork>
    </practicePlace>
    <practicePlace>
        <companyId>f9725290-8578-4533-a419-666e902a7f89</companyId>
        <maxStudentsNumber>7</maxStudentsNumber>
        <practiceWork>
            <studentId>6931bfe4-f29d-490f-a33d-e6dd5948df23</studentId>
            <consultantId>b2e8705d-789f-4be7-b7f4-1e3235a7d487</consultantId>
            <companyId>f9725290-8578-4533-a419-666e902a7f89</companyId>
        </practiceWork>
        <practiceWork>
            <studentId>be40389b-fcee-443e-81fb-c41aa2c18224</studentId>
            <consultantId>b2e8705d-789f-4be7-b7f4-1e3235a7d487</consultantId>
            <companyId>f9725290-8578-4533-a419-666e902a7f89</companyId>
        </practiceWork>
        <practiceWork>
            <studentId>31a5abb2-d613-495a-baa2-cd09e3fec797</studentId>
            <consultantId>b2e8705d-789f-4be7-b7f4-1e3235a7d487</consultantId>
            <companyId>f9725290-8578-4533-a419-666e902a7f89</companyId>
        </practiceWork>
        <practiceWork>
            <studentId>4d3ef951-f351-4104-8406-b16b1fccdf54</studentId>
            <consultantId>b2e8705d-789f-4be7-b7f4-1e3235a7d487</consultantId>
            <companyId>f9725290-8578-4533-a419-666e902a7f89</companyId>
        </practiceWork>
        <practiceWork>
            <studentId>eab4d311-0795-4a24-914b-539034142789</studentId>
            <consultantId>b2e8705d-789f-4be7-b7f4-1e3235a7d487</consultantId>
            <companyId>f9725290-8578-4533-a419-666e902a7f89</companyId>
        </practiceWork>
        <practiceWork>
            <studentId>bbc3f359-b76d-425f-935a-5da204e22ec0</studentId>
            <consultantId>b2e8705d-789f-4be7-b7f4-1e3235a7d487</consultantId>
            <companyId>f9725290-8578-4533-a419-666e902a7f89</companyId>
        </practiceWork>
    </practicePlace>
</practicePlaceList>
