<?xml version="1.0" encoding="UTF-8" standalone="yes"?>
<gek>
    <id>a4bf5603-6060-4fb5-9b84-65f5104195a1</id>
    <presideId>687ce934-12d9-4d81-b725-90bb3ef4a88d</presideId>
    <commissionerSecrId>fd472646-6763-422a-9b36-27bc54b70b01</commissionerSecrId>
    <commissioner0Id>44a13a20-2b11-4743-bfd2-36c097a23449</commissioner0Id>
    <commissioner3Id>aeefc822-d73f-4456-80ab-8efc43e0b4ce</commissioner3Id>
    <commissioner4Id>f5181fc8-5b98-4c9d-b30c-da180980ce1b</commissioner4Id>
    <commissioner5Id>58fbf4dd-3fb0-4e99-97c1-33186b80a3fd</commissioner5Id>
    <commissioner6Id>f55fe7d8-1df2-428a-9aac-a295e36c5dec</commissioner6Id>
    <gekDay>
        <id>d67e0f35-743c-41dd-b788-678397c228b3</id>
        <date>2013-06-17T16:35:34.565+03:00</date>
        <startTime>9:00</startTime>
        <endTime>15:00</endTime>
        <timeForStudent>25</timeForStudent>
        <studentsCount>14</studentsCount>
    </gekDay>
    <gekDay>
        <id>6b8e1a08-b9e0-452d-8ab6-1bf30ef096dc</id>
        <date>2013-06-18T00:00:00+03:00</date>
        <startTime>9:00</startTime>
        <endTime>15:00</endTime>
        <timeForStudent>25</timeForStudent>
        <studentsCount>14</studentsCount>
    </gekDay>
    <gekDay>
        <id>128e1867-2198-4ff9-95e7-7ceec0762ab6</id>
        <date>2013-06-19T00:00:00+03:00</date>
        <startTime>9:00</startTime>
        <endTime>15:00</endTime>
        <timeForStudent>25</timeForStudent>
        <studentsCount>14</studentsCount>
    </gekDay>
    <gekDay>
        <id>83d20ed7-986e-450b-8ade-cfd9e286d50e</id>
        <date>2013-06-20T00:00:00+03:00</date>
        <startTime>9:00</startTime>
        <endTime>15:00</endTime>
        <timeForStudent>25</timeForStudent>
        <studentsCount>14</studentsCount>
    </gekDay>
    <gekDay>
        <id>ba5f2b05-655e-4561-86b5-d0762c0e20fd</id>
        <date>2013-06-21T00:00:00+03:00</date>
        <startTime>11:30</startTime>
        <endTime>12:00</endTime>
        <timeForStudent>30</timeForStudent>
        <studentsCount>1</studentsCount>
    </gekDay>
    <gekDay>
        <id>a6c79818-01a8-497b-bf91-21f7ab2af8db</id>
        <date>2013-06-21T00:00:00+03:00</date>
        <startTime>9:00</startTime>
        <endTime>11:30</endTime>
        <timeForStudent>25</timeForStudent>
        <studentsCount>6</studentsCount>
    </gekDay>
</gek>
