<?xml version="1.0" encoding="UTF-8" standalone="yes"?>
<productionPracticePlaceList>
    <list xmlns:xsi="http://www.w3.org/2001/XMLSchema-instance" xsi:type="practicePlace">
        <companyId>1e2403b9-a039-413e-ad3b-a34a3a67ec3d</companyId>
        <maxStudentsNumber>7</maxStudentsNumber>
        <practiceWork>
            <studentId>6931bfe4-f29d-490f-a33d-e6dd5948df23</studentId>
            <consultantId>2608a95f-58cb-4108-8619-640f0fc6e592</consultantId>
            <companyId>1e2403b9-a039-413e-ad3b-a34a3a67ec3d</companyId>
        </practiceWork>
        <practiceWork>
            <studentId>be40389b-fcee-443e-81fb-c41aa2c18224</studentId>
            <consultantId>2608a95f-58cb-4108-8619-640f0fc6e592</consultantId>
            <companyId>1e2403b9-a039-413e-ad3b-a34a3a67ec3d</companyId>
        </practiceWork>
        <practiceWork>
            <studentId>31a5abb2-d613-495a-baa2-cd09e3fec797</studentId>
            <consultantId>2608a95f-58cb-4108-8619-640f0fc6e592</consultantId>
            <companyId>1e2403b9-a039-413e-ad3b-a34a3a67ec3d</companyId>
        </practiceWork>
        <practiceWork>
            <studentId>4d3ef951-f351-4104-8406-b16b1fccdf54</studentId>
            <consultantId>b3df261c-71b9-4116-abb3-36b295d27b61</consultantId>
            <companyId>1e2403b9-a039-413e-ad3b-a34a3a67ec3d</companyId>
        </practiceWork>
        <practiceWork>
            <studentId>eab4d311-0795-4a24-914b-539034142789</studentId>
            <consultantId>b3df261c-71b9-4116-abb3-36b295d27b61</consultantId>
            <companyId>1e2403b9-a039-413e-ad3b-a34a3a67ec3d</companyId>
        </practiceWork>
    </list>
    <list xmlns:xsi="http://www.w3.org/2001/XMLSchema-instance" xsi:type="practicePlace">
        <companyId>9cb5fef0-7bba-432b-96ba-b7876dfaf9e8</companyId>
        <maxStudentsNumber>8</maxStudentsNumber>
        <practiceWork>
            <studentId>6f03ccfa-c4f7-4453-a62f-824a979d7798</studentId>
            <consultantId>b3df261c-71b9-4116-abb3-36b295d27b61</consultantId>
            <companyId>9cb5fef0-7bba-432b-96ba-b7876dfaf9e8</companyId>
        </practiceWork>
        <practiceWork>
            <studentId>54d17944-bb3d-4dfb-aac3-7594c3ba11ca</studentId>
            <consultantId>b3df261c-71b9-4116-abb3-36b295d27b61</consultantId>
            <companyId>9cb5fef0-7bba-432b-96ba-b7876dfaf9e8</companyId>
        </practiceWork>
        <practiceWork>
            <studentId>c1fbf0be-89b6-4d71-8f9a-adaa8af22503</studentId>
            <consultantId>b3df261c-71b9-4116-abb3-36b295d27b61</consultantId>
            <companyId>9cb5fef0-7bba-432b-96ba-b7876dfaf9e8</companyId>
        </practiceWork>
        <practiceWork>
            <studentId>46f9d939-7d57-41d4-b1eb-e006b9156777</studentId>
            <consultantId>b3df261c-71b9-4116-abb3-36b295d27b61</consultantId>
            <companyId>9cb5fef0-7bba-432b-96ba-b7876dfaf9e8</companyId>
        </practiceWork>
    </list>
    <list xmlns:xsi="http://www.w3.org/2001/XMLSchema-instance" xsi:type="practicePlace">
        <companyId>1811f230-0049-47d1-8053-965491cd5d2f</companyId>
        <maxStudentsNumber>0</maxStudentsNumber>
    </list>
    <list xmlns:xsi="http://www.w3.org/2001/XMLSchema-instance" xsi:type="practicePlace">
        <companyId>e4ae1931-37c2-4b03-aa8e-2680c5420a08</companyId>
        <maxStudentsNumber>0</maxStudentsNumber>
    </list>
    <practicePlace>
        <companyId>1e2403b9-a039-413e-ad3b-a34a3a67ec3d</companyId>
        <maxStudentsNumber>7</maxStudentsNumber>
        <practiceWork>
            <studentId>6931bfe4-f29d-490f-a33d-e6dd5948df23</studentId>
            <consultantId>2608a95f-58cb-4108-8619-640f0fc6e592</consultantId>
            <companyId>1e2403b9-a039-413e-ad3b-a34a3a67ec3d</companyId>
        </practiceWork>
        <practiceWork>
            <studentId>be40389b-fcee-443e-81fb-c41aa2c18224</studentId>
            <consultantId>2608a95f-58cb-4108-8619-640f0fc6e592</consultantId>
            <companyId>1e2403b9-a039-413e-ad3b-a34a3a67ec3d</companyId>
        </practiceWork>
        <practiceWork>
            <studentId>31a5abb2-d613-495a-baa2-cd09e3fec797</studentId>
            <consultantId>2608a95f-58cb-4108-8619-640f0fc6e592</consultantId>
            <companyId>1e2403b9-a039-413e-ad3b-a34a3a67ec3d</companyId>
        </practiceWork>
        <practiceWork>
            <studentId>4d3ef951-f351-4104-8406-b16b1fccdf54</studentId>
            <consultantId>b3df261c-71b9-4116-abb3-36b295d27b61</consultantId>
            <companyId>1e2403b9-a039-413e-ad3b-a34a3a67ec3d</companyId>
        </practiceWork>
        <practiceWork>
            <studentId>eab4d311-0795-4a24-914b-539034142789</studentId>
            <consultantId>b3df261c-71b9-4116-abb3-36b295d27b61</consultantId>
            <companyId>1e2403b9-a039-413e-ad3b-a34a3a67ec3d</companyId>
        </practiceWork>
    </practicePlace>
    <practicePlace>
        <companyId>9cb5fef0-7bba-432b-96ba-b7876dfaf9e8</companyId>
        <maxStudentsNumber>8</maxStudentsNumber>
        <practiceWork>
            <studentId>6f03ccfa-c4f7-4453-a62f-824a979d7798</studentId>
            <consultantId>b3df261c-71b9-4116-abb3-36b295d27b61</consultantId>
            <companyId>9cb5fef0-7bba-432b-96ba-b7876dfaf9e8</companyId>
        </practiceWork>
        <practiceWork>
            <studentId>54d17944-bb3d-4dfb-aac3-7594c3ba11ca</studentId>
            <consultantId>b3df261c-71b9-4116-abb3-36b295d27b61</consultantId>
            <companyId>9cb5fef0-7bba-432b-96ba-b7876dfaf9e8</companyId>
        </practiceWork>
        <practiceWork>
            <studentId>c1fbf0be-89b6-4d71-8f9a-adaa8af22503</studentId>
            <consultantId>b3df261c-71b9-4116-abb3-36b295d27b61</consultantId>
            <companyId>9cb5fef0-7bba-432b-96ba-b7876dfaf9e8</companyId>
        </practiceWork>
        <practiceWork>
            <studentId>46f9d939-7d57-41d4-b1eb-e006b9156777</studentId>
            <consultantId>b3df261c-71b9-4116-abb3-36b295d27b61</consultantId>
            <companyId>9cb5fef0-7bba-432b-96ba-b7876dfaf9e8</companyId>
        </practiceWork>
    </practicePlace>
    <practicePlace>
        <companyId>1811f230-0049-47d1-8053-965491cd5d2f</companyId>
        <maxStudentsNumber>0</maxStudentsNumber>
    </practicePlace>
    <practicePlace>
        <companyId>e4ae1931-37c2-4b03-aa8e-2680c5420a08</companyId>
        <maxStudentsNumber>0</maxStudentsNumber>
    </practicePlace>
</productionPracticePlaceList>
